,exec_time,exec_time
,mean,std
fqdn,,
dd-0-0.0.1,1.1728146373937676,0.07515679838290931
image_processing-0-0.0.1,2.6661154802259888,0.07551321321168522
pyaes-0-0.0.1,3.8859078467966577,0.02754253450992953
