minute,0
1070,10.648944413124946
1071,5.132504391617612
1072,7.8324228434804555
1073,-9.946941671330269
1074,-4.207529001653614
1075,7.363080852751266
1076,-10.31268321584715
1077,2.5858233271138062
1078,-7.202600183599248
1079,0.15150214734309317
1080,2.743857242999534
1081,15.304870796365627
