,cnn_image_classification-0-0.0.1,dd-0-0.0.1,image_processing-0-0.0.1,pyaes-0-0.0.1
0,51.596641789100005,24.03439131115894,29.787784454264322,36.03384685777418
