,exec_time,exec_time
,mean,std
fqdn,,
dd-0-0.0.1,0.07456550763358778,0.0027716571272709467
model_training-0-0.0.1,8.903185158690176,0.17800492827459297
pyaes-0-0.0.1,0.40047306925207754,0.011059378241422918
