minutes,dd-0-0.0.1,image_processing-0-0.0.1,pyaes-0-0.0.1,video_processing-0-0.0.1
1212,200.61574531868223,93.83093715098403,407.8198857950413,206.57965326572753
1213,184.7640687274961,97.92642779846555,603.5082538297929,164.6473015274989
1214,213.4885155039183,88.99105290087162,579.6985402044502,152.87568873855608
