,dd-0-0.0.1,image_processing-0-0.0.1,pyaes-0-0.0.1,video_processing-0-0.0.1
0,8.089790940766546,11.56150537634408,11.403459119496842,10.06874999999998
