,dd-0-0.0.1,image_processing-0-0.0.1,pyaes-0-0.0.1,video_processing-0-0.0.1
0,7.542899879221643,15.094805133092597,12.443692081574358,12.608598526855829
