,dd-0-0.0.1,image_processing-0-0.0.1,pyaes-0-0.0.1,video_processing-0-0.0.1
0,-0.5468910615449083,3.5332997567485127,1.0402329620774997,2.5398485268558204
