minutes,dd-0-0.0.1,image_processing-0-0.0.1,pyaes-0-0.0.1,video_processing-0-0.0.1
1212,4.615419302363312,6.466203864183365,6.470554500409879,6.554971321163564
1213,4.472805445627481,6.2862342024746285,6.705257930834451,7.024836217624334
1214,4.739058848531775,5.082335986766494,4.940628134859401,5.822439883059906
1215,,,,
