minute,0
1212,-9.753742481699668
1213,-8.324231038098645
1214,1.3565022763283463
1215,100.0
