minutes,image_processing-0-0.0.1,dd-0-0.0.1,pyaes-0-0.0.1
1176,0.24289008333333334,1.2004750000000002,0.26653904999999994
1177,0.2739273166666667,1.0381007166666667,0.15743311666666668
1178,0.18155088333333333,1.2909018666666667,0.15847031666666664
