,image_processing-0-0.0.1,dd-0-0.0.1,pyaes-0-0.0.1
0,14.573405000000001,72.02850000000001,15.992342999999998
1,16.435639000000002,62.28604300000001,9.445987
2,10.893053,77.45411200000001,9.508218999999999
