,video_processing-0-0.0.1,pyaes-0-0.0.1,dd-0-0.0.1
0,31.788741999999996,45.711257,20.743575
1,36.132238,32.891107,24.594649999999998
2,41.74883200000001,30.220564,19.545757000000002
