,exec_time,exec_time
,mean,std
fqdn,,
dd-0-0.0.1,1.2324714198757765,0.06815410931499286
image_processing-0-0.0.1,2.256369393501805,0.3702417166198652
pyaes-0-0.0.1,2.742299529062871,0.1346399122279079
video_processing-0-0.0.1,6.771499281990521,0.22444560953398662
