,dd-0-0.0.1,image_processing-0-0.0.1,pyaes-0-0.0.1,video_processing-0-0.0.1
0,6.281105590062104,12.273658243080613,18.56422301304862,20.548744075829383
