,dd-0-0.0.1,image_processing-0-0.0.1,pyaes-0-0.0.1,video_processing-0-0.0.1
0,1.5300745341614805,1.5289891696751035,0.11074733096087204,3.0780331753554684
