,dd-0-0.0.1,image_processing-0-0.0.1,pyaes-0-0.0.1,video_processing-0-0.0.1
0,7.811180124223602,13.802647412755716,18.67497034400949,23.626777251184834
