,mc_v_0_0,mc_v_0_2,mc_v_0_4,mc_v_0_6,mc_v_0_8,mc_v_1_0
0,20.52107819905211,19.53334754797438,19.10364383561644,19.44940559440559,18.80576923076921,0
