,mc_v_0_0,mc_v_0_2,mc_v_0_4,mc_v_0_6,mc_v_0_8,mc_v_1_0
0,23.19312796208531,21.872068230277186,22.649315068493152,22.234265734265733,23.435897435897434,0
