,video_processing-0-0.0.1,dd-0-0.0.1,pyaes-0-0.0.1
0,29.954439000000008,20.667299999999997,45.534091999999994
1,38.603052,24.456656999999996,32.284650000000006
2,41.443341000000004,19.818897,31.326891
