minutes,video_processing-0-0.0.1,dd-0-0.0.1,pyaes-0-0.0.1
1129,4.938736106673508,6.139031910195316,9.621815601650418
1130,5.878191961028416,6.131185224735,8.905166798698641
1131,6.653403841563271,5.9177215822214215,9.559272118830467
