,exec_time,exec_time
,mean,std
fqdn,,
image_processing-0-0.0.1,1.4045809792746116,0.13107488272723353
pyaes-0-0.0.1,1.3685409416445624,0.11765937244890887
video_processing-0-0.0.1,7.647370574123989,0.2868817295239745
