,exec_time,exec_time
,mean,std
fqdn,,
model_training-0-0.0.1,7.045148346153846,2.812686774397019
pyaes-0-0.0.1,1.4055696098765431,0.12377302516524093
video_processing-0-0.0.1,8.737109201017812,1.3517309481281323
