minutes,dd-0-0.0.1,image_processing-0-0.0.1,pyaes-0-0.0.1
1139,9.732416749557826,16.227486255007626,13.456557980374498
1140,11.454318228661956,14.689812714597139,9.302339682826272
1141,9.18444488204455,13.113508228175325,10.662651821375395
