,image_processing-0-0.0.1,video_processing-0-0.0.1,pyaes-0-0.0.1,dd-0-0.0.1
0,54.929097000000006,128.43311100000003,58.936084000000015,36.19053300000001
1,53.60462700000001,182.805525,42.994824,50.665543
2,58.747046999999995,248.37483099999997,49.912387,43.673455000000004
3,28.719604000000004,239.17943100000005,36.72885,43.55137200000001
4,0.0,209.558524,26.108584000000008,31.581235
