,image_processing-0-0.0.1,video_processing-0-0.0.1,pyaes-0-0.0.1,dd-0-0.0.1
0,62.37681800000002,33.979628999999996,52.093449,23.263044
1,58.73703400000001,43.240063,36.943053000000006,30.926807000000004
2,58.279848,49.174922,37.73888400000001,23.132975999999992
