minutes,dd-0-0.0.1,pyaes-0-0.0.1,video_processing-0-0.0.1
1267,1.331008361730201,7.859032958943969,8.087497563068018
1268,1.7287472770753758,8.307829428881483,14.044281140464712
1269,2.550388861178152,7.0740574613707485,13.022122257417083
1270,,,
