minute,0
1267,-3.355255529540238
1268,-10.276647260934771
1269,-18.67930943664256
1270,100.0
