minute,0
1226,-17.895098181187375
1227,-21.50333629636295
1228,-25.411849428659426
1229,100.0
