,exec_time,exec_time
,mean,std
fqdn,,
dd-0-0.0.1,0.35460579790940766,0.03532558907542025
image_processing-0-0.0.1,1.4338328225806451,0.12619325000240048
pyaes-0-0.0.1,1.0414477987421384,0.08479758250978353
