minutes,dd-0-0.0.1,image_processing-0-0.0.1,pyaes-0-0.0.1
1184,,,
1185,2.255340285168027,15.22582375285496,12.737780649770757
1186,3.3511623601095764,17.809954416565404,9.258705025774862
1187,,,
