minutes,dd-0-0.0.1,image_processing-0-0.0.1,pyaes-0-0.0.1
1184,,,
1185,6.3601336990666075,10.618967227609684,12.230839284653019
1186,9.450387951540796,12.421221035037153,8.89022477838787
1187,,,
