minutes,image_processing-0-0.0.1,dd-0-0.0.1,pyaes-0-0.0.1
1184,3.2055306848968104,2.6313701176023505,3.5919311967780256
1185,3.5832881393164393,2.3204593570218757,4.90631176926829
1186,3.580118244437039,2.64159680659094,5.56511515311052
