minute,0
1184,100.0
1185,-1.0594151349670589
1186,-11.607799212174623
1187,100.0
