minutes,dd-0-0.0.1,image_processing-0-0.0.1,pyaes-0-0.0.1,video_processing-0-0.0.1
1120,9.83970457023292,8.73142688701148,51.034461423357456,72.18511015462754
1121,20.794910010732274,16.147742519592107,107.7434495723091,55.92659425897347
1122,5.73709751321643,15.25587590673598,130.17313988317193,49.37042800667306
