minutes,dd-0-0.0.1,image_processing-0-0.0.1,pyaes-0-0.0.1,video_processing-0-0.0.1
1120,580.3313793769846,20.391357192822753,121.34646091231328,27.00624844985315
1121,445.18886413250505,36.58873122945398,143.28805425194926,21.20180297155991
1122,556.8723426914455,11.056968999698128,116.63720538892512,66.27544350296796
1123,1000.0,1000.0,1000.0,1000.0
