minutes,dd-0-0.0.1,image_processing-0-0.0.1,pyaes-0-0.0.1,video_processing-0-0.0.1
1120,1.5319539819321109,5.114536636650784,4.745513144495337,11.23872168400667
1121,1.3201381758067443,6.516589677270891,7.516159097995409,8.516854948377215
1122,1.6927897444791264,6.225488741139519,8.055633474603987,8.343511306413356
