,dd-0-0.0.1,image_processing-0-0.0.1,pyaes-0-0.0.1,video_processing-0-0.0.1
0,0.5022648083623681,15.950537634408603,4.44584905660377,9.061953125000002
