,dd-0-0.0.1,image_processing-0-0.0.1,pyaes-0-0.0.1,video_processing-0-0.0.1
0,2.548083540390755,5.793005384408701,6.16266734985288,7.269222975564794
