,dd-0-0.0.1,image_processing-0-0.0.1,pyaes-0-0.0.1,video_processing-0-0.0.1
0,3.050348348753123,21.74354301881731,10.608516406456644,16.331176100564818
