minute,0
1120,-13.018577081538398
1121,-4.032148614964097
1122,-22.954662590532813
1123,100.0
