minutes,video_processing-0-0.0.1,pyaes-0-0.0.1,model_training-0-0.0.1,image_processing-0-0.0.1
1271,14.135917792883689,13.956753345186613,13.474975974369936,11.368841006642315
1272,18.09111794144185,9.669858833191038,19.222963991437297,5.742174931523539
1273,13.906836161541522,10.327917127222252,23.880911605706657,7.414084927933154
1274,12.900929938754759,12.015053614949075,18.556700589133555,9.20761590801931
1275,19.971842956832464,8.910177950211024,21.70009353130675,8.10581031109067
1276,12.572095612818076,9.377957062793358,18.70038671137209,7.772285740849308
1277,16.75322716225914,11.14537214786567,17.40083806563467,6.950750769078699
1278,14.444702290184933,15.130962021265768,14.462866110942844,9.166101809663381
1279,16.915764946195207,13.357886695767029,22.1799250871539,6.732700107082365
1280,15.241458597101548,14.295848141857915,21.22817197884835,9.201551973020532
1281,14.905768545984776,12.148750632782127,18.213946352896485,7.6902154686099085
1282,12.073686324589831,22.324963412190364,10.929708865655067,5.638513480677456
