minute,tegra
1062,18.39310887277242
1063,17.808049642917496
1064,19.004902791430812
1065,19.67334296868961
1066,19.36634658116355
1067,18.432611171121064
1068,18.39574182548008
1069,18.663811574981402
1070,17.324522481800653
1071,18.683720063230457
1072,19.67869034136027
1073,19.7026650341407
