minute,0
1088,22.65919882522696
1089,7.296148599185217
1090,13.540378046874247
1091,12.412235605849046
1092,0.08281983951487543
1093,13.37384705147607
1094,20.740725255459168
1095,12.023838572874887
1096,15.81023933240497
1097,5.884625409321983
1098,4.084195084274997
1099,13.40655980318129
