,exec_time,exec_time
,mean,std
fqdn,,
dd-0-0.0.1,1.1515126243718594,0.050320707627293564
image_processing-0-0.0.1,2.111551125,0.08737900419793691
pyaes-0-0.0.1,2.5957840025706944,0.08047236276681657
