minute,0
1203,-20.17304431775942
1204,-20.51454789423409
1205,-24.186970598451193
1206,100.0
