,exec_time,exec_time
,mean,std
fqdn,,
image_processing-0-0.0.1,1.7722511758241757,0.3010756905252044
pyaes-0-0.0.1,1.3459327278481013,0.21592014243403596
video_processing-0-0.0.1,1.75534121875,0.30829601622655517
