minute,0
1295,-31.967460388796198
1296,-22.23878058038158
1297,-26.623085398452925
