minute,0
1313,-29.240765922426146
1314,-15.439066521542333
1315,-16.465449818557875
1316,100.0
