,image_processing-0-0.0.1,video_processing-0-0.0.1,pyaes-0-0.0.1,cp
0,236.45724900000008,1025.506988,337.4436050000001,0.0
1,128.245898,477.70856499999996,133.357738,0.0
2,125.106882,548.825715,125.09061799999998,0.0
3,125.45138099999998,502.38990399999994,169.82374999999993,0.0
