minutes,json_dumps_loads-0-0.0.1
1042,-0.44340509616918883
1043,-0.40599419681736915
1044,-0.5875564680353862
