minutes,json_dumps_loads-0-0.0.1
1042,-0.33601962456764706
1043,-0.5820707944959435
1044,-1.2302356833161905
