minutes,json_dumps_loads-0-0.0.1
1042,-0.37907670845735647
1043,-0.6334828729542453
1044,-1.280979256488812
