minutes,json_dumps_loads-0-0.0.1
1042,-1.1245370409925826
1043,-1.9479819660321496
1044,-4.117157135747478
