minutes,json_dumps_loads-0-0.0.1
1042,-1.2686336418188104
1043,-2.120039733953196
1044,-4.28697765649341
