minutes,json_dumps_loads-0-0.0.1
1042,-1.483917659418575
1043,-1.358716811069025
1044,-1.9663405458259147
