minute,tegra,igpm
1176,13.233009651344242,12.626669045588022
1177,12.003372255487141,13.647902437591535
1178,12.003618479871111,13.118908873269495
1179,13.694326047988083,13.438573674014194
