minutes,json_dumps_loads-0-0.0.1,pyaes_small-0-0.0.1
1032,4.2,2.95
1033,3.9,2.716666666666667
1034,4.016666666666667,2.5833333333333335
