minutes,json_dumps_loads-0-0.0.1,pyaes_small-0-0.0.1
1032,0.9191265666666665,0.3284108333333335
1033,0.8825587833333335,0.3205016666666667
1034,0.7641176666666667,0.28844736666666665
