,json_dumps_loads-0-0.0.1,pyaes_small-0-0.0.1
0,55.14759399999999,19.704650000000008
1,52.95352700000001,19.2301
2,45.84706,17.306842
