minutes,json_dumps_loads-0-0.0.1,pyaes_small-0-0.0.1
1032,4.791479356769707,5.965337748927269
1033,3.5678172235606618,5.256557995028313
1034,2.420590061148329,4.836829815295216
