minutes,json_dumps_loads-0-0.0.1,pyaes_small-0-0.0.1
1032,0.8636055819006108,3.930854943629771
1033,0.10135667381021657,3.390039815492466
1034,-1.2445413232616716,3.0143303963966304
