minutes,json_dumps_loads-0-0.0.1,pyaes_small-0-0.0.1
1032,-1.9939793247592803,2.450739316067131
1033,-3.996834326705536,1.1833659197738087
1034,-4.9697454906752325,1.16195957573021
