{"data":{"image_processing":{"function_name":"image_processing","image_name":"docker.io/aarehman/image_processing-iluvatar-action:latest","warm_results_sec":[3.0473878383636475,3.1304893493652344,3.150167226791382,3.0900378227233887],"warm_over_results_us":[11278.161636352539,4019.650634765625,4791.773208618164,8214.177276611328],"cold_results_sec":[2.899411201477051,2.7677958011627197,2.4126880168914795,2.7467799186706543],"cold_over_results_us":[1896662.7985229492,1226678.1988372803,1544884.9831085205,2243288.0813293457],"warm_worker_duration_us":[3057237,3133328,3153469,3096982],"cold_worker_duration_us":[3074591,2942782,2588445,2923780],"warm_invoke_duration_us":[3058666,3134509,3154959,3098252],"cold_invoke_duration_us":[4796074,3994474,3957573,4990068]},"cnn_image_classification":{"function_name":"cnn_image_classification","image_name":"docker.io/aarehman/cnn_image_classification-iluvatar-action:latest","warm_results_sec":[1.4496359825134275,1.5477018356323242,1.5315957069396973,1.5530154705047607],"warm_over_results_us":[6597.0174865724985,3786.1643676757812,7153.293060302734,3623.529495239258],"cold_results_sec":[2.3713953495025635,2.566011428833008,2.6581788063049316,2.6909091472625732],"cold_over_results_us":[6268797.6504974365,4546097.571166992,4449107.193695068,4420232.852737427],"warm_worker_duration_us":[1454818,1550420,1537403,1555497],"cold_worker_duration_us":[6334614,5673808,6018862,5286051],"warm_invoke_duration_us":[1456233,1551488,1538749,1556639],"cold_invoke_duration_us":[8640193,7112109,7107286,7111142]},"dd":{"function_name":"dd","image_name":"docker.io/aarehman/dd-iluvatar-action:latest","warm_results_sec":[0.0,0.0,0.0,0.0,0.0,0.0,0.0,0.0],"warm_over_results_us":[0.0,0.0,0.0,0.0,0.0,0.0,0.0,0.0],"cold_results_sec":[],"cold_over_results_us":[],"warm_worker_duration_us":[0,0,0,0,0,0,0,0],"cold_worker_duration_us":[],"warm_invoke_duration_us":[0,0,0,0,0,0,0,0],"cold_invoke_duration_us":[]},"hello":{"function_name":"hello","image_name":"docker.io/aarehman/hello-iluvatar-action:latest","warm_results_sec":[0.0000247955322265625,2.384185791015625e-6,9.5367431640625e-7,2.1457672119140625e-6],"warm_over_results_us":[3747.2044677734375,3452.6158142089844,2576.0463256835938,3387.854232788086],"cold_results_sec":[1.1920928955078125e-6,1.6689300537109375e-6,1.1920928955078125e-6,1.1920928955078125e-6],"cold_over_results_us":[1291136.8079071045,1630762.3310699463,2416039.8079071045,2051783.8079071045],"warm_worker_duration_us":[2364,2132,1036,2097],"cold_worker_duration_us":[144737,164652,145628,157475],"warm_invoke_duration_us":[3772,3455,2577,3390],"cold_invoke_duration_us":[1291138,1630764,2416041,2051785]},"lin_pack":{"function_name":"lin_pack","image_name":"docker.io/aarehman/lin_pack-iluvatar-action:latest","warm_results_sec":[0.0017774105072021484,0.00015234947204589844,0.0003609657287597656,0.0002105236053466797],"warm_over_results_us":[3406.5894927978516,2307.6505279541016,3450.0342712402344,2741.4763946533203],"cold_results_sec":[0.009667158126831056,0.0012576580047607422,0.0069026947021484375,0.0017883777618408203],"cold_over_results_us":[2904542.841873169,2891385.3419952393,1841275.3052978516,1892556.6222381592],"warm_worker_duration_us":[3864,1283,2505,1731],"cold_worker_duration_us":[609461,963183,290234,717841],"warm_invoke_duration_us":[5184,2460,3811,2952],"cold_invoke_duration_us":[2914210,2892643,1848178,1894345]},"video_processing":{"function_name":"video_processing","image_name":"docker.io/aarehman/video_processing-iluvatar-action:latest","warm_results_sec":[13.487519264221191,39.555861711502075,9.841679334640505,10.03085994720459],"warm_over_results_us":[20025.735778808594,18191.288497924805,15771.665359495208,12621.052795410156],"cold_results_sec":[37.570382833480835,9.978228092193604,10.175833463668823,10.651042699813845],"cold_over_results_us":[3598795.166519165,2536649.9078063965,2614822.5363311768,1552688.3001861554],"warm_worker_duration_us":[13505988,39572620,9856065,10041906],"cold_worker_duration_us":[38981702,11104834,11010002,11181531],"warm_invoke_duration_us":[13507545,39574053,9857451,10043481],"cold_invoke_duration_us":[41169178,12514878,12790656,12203731]},"float_operation":{"function_name":"float_operation","image_name":"docker.io/aarehman/float_operation-iluvatar-action:latest","warm_results_sec":[4.280949354171753,4.319437265396118,4.406128883361816,4.490562915802002],"warm_over_results_us":[3582.6458282470703,7473.734603881836,7513.116638183594,7460.084197998047],"cold_results_sec":[4.27022910118103,4.353787422180176,4.396527528762817,4.483830451965332],"cold_over_results_us":[2434248.8988189697,1592114.5778198242,1985667.4712371826,1247607.548034668],"warm_worker_duration_us":[4283187,4325704,4412225,4496624],"cold_worker_duration_us":[4429246,4510679,4554880,4632082],"warm_invoke_duration_us":[4284532,4326911,4413642,4498023],"cold_invoke_duration_us":[6704478,5945902,6382195,5731438]},"model_training":{"function_name":"model_training","image_name":"docker.io/aarehman/model_training-iluvatar-action:latest","warm_results_sec":[10.200864553451538,10.012600183486938,10.081807613372805,10.120829343795776],"warm_over_results_us":[28441.446548461914,14402.816513061523,15703.386627195403,16270.656204223633],"cold_results_sec":[10.18474292755127,10.121055841445925,10.287864923477173,10.304650783538818],"cold_over_results_us":[3038943.0724487305,3454747.1585540753,2383836.076522827,2384733.2164611816],"warm_worker_duration_us":[10227651,10025278,10095372,10135397],"cold_worker_duration_us":[11435502,11392078,11563628,11300523],"warm_invoke_duration_us":[10229306,10027003,10097511,10137100],"cold_invoke_duration_us":[13223686,13575803,12671701,12689384]},"json_dumps_loads":{"function_name":"json_dumps_loads","image_name":"docker.io/aarehman/json_dumps_loads-iluvatar-action:latest","warm_results_sec":[0.3332078456878662,0.5743799209594727,0.2990758419036865,0.6190545558929443],"warm_over_results_us":[3847.154312133789,3474.0790405273438,3222.1580963134766,4227.444107055664],"cold_results_sec":[0.11452174186706544,0.1988067626953125,0.2726566791534424,0.18760323524475095],"cold_over_results_us":[2094165.2581329346,1669167.2373046875,2532244.3208465576,1349282.764755249],"warm_worker_duration_us":[335665,576690,301137,621765],"cold_worker_duration_us":[271912,363340,428331,348853],"warm_invoke_duration_us":[337055,577854,302298,623282],"cold_invoke_duration_us":[2208687,1867974,2804901,1536886]},"pyaes":{"function_name":"pyaes","image_name":"docker.io/aarehman/pyaes-iluvatar-action:latest","warm_results_sec":[4.004806756973267,2.4717535972595215,4.067032337188721,2.466130018234253],"warm_over_results_us":[6872.243026733398,3127.4027404785156,3639.662811279297,2666.9817657470703],"cold_results_sec":[3.9908974170684814,3.274644613265991,2.8039677143096924,2.5331130027770996],"cold_over_results_us":[2020915.5829315186,1618218.3867340088,2378152.2856903076,1204894.9972229004],"warm_worker_duration_us":[4010408,2473599,4069366,2467471],"cold_worker_duration_us":[4157417,3441573,2972300,2690576],"warm_invoke_duration_us":[4011679,2474881,4070672,2468797],"cold_invoke_duration_us":[6011813,4892863,5182120,3738008]},"gzip_compression":{"function_name":"gzip_compression","image_name":"docker.io/aarehman/gzip_compression-iluvatar-action:latest","warm_results_sec":[0.3579678535461426,0.3267021179199219,0.21363449096679688,0.35764408111572266],"warm_over_results_us":[3038.146453857422,3576.882080078125,2947.509033203125,3417.9188842773438],"cold_results_sec":[0.35607218742370605,0.3516712188720703,0.3521289825439453,0.2169651985168457],"cold_over_results_us":[1341812.812576294,1713925.7811279297,2523118.0174560547,1947271.8014831543],"warm_worker_duration_us":[359577,328973,215327,359660],"cold_worker_duration_us":[517912,509527,507267,331935],"warm_invoke_duration_us":[361006,330279,216582,361062],"cold_invoke_duration_us":[1697885,2065597,2875247,2164237]},"chameleon":{"function_name":"chameleon",