{
    "baseload_avg_p": 10.65862412924226,
    "e2e_cm": 2.1222000000000003,
    "e2e_cv": 0.026720029940102953,
    "e2e_gm": 4.5664,
    "e2e_gv": 0.706054275534112,
    "gpue": 66.66093526824388,
    "gpup_m": 14.81354117072086,
    "gpup_std": 2.3666749317558646,
    "cpue": 25.847184697064108,
    "cpup_m": 12.923592348532054,
    "cpup_std": 1.5805623701493072,
    "m2_gpue_m": 67.64455440197973,
    "m2_gpue_v": 21.266348487758034,
    "m2_cpue_m": 59.01429210033677,
    "m2_cpue_v": 16.34223763999079
}