,image_processing-0-0.0.1,video_processing-0-0.0.1,pyaes-0-0.0.1
0,41.136227000000005,148.748517,24.445831999999992
1,34.757842,132.386701,36.00663200000001
2,37.772708,185.32303299999995,30.393743999999987
