minute,perf_rapl,ipmi,x_rest
67,87.11186440677967,232.27118644067798,145.1593220338983
68,83.9964406779661,229.4406779661017,145.4442372881356
69,91.48446428571428,235.21428571428572,143.72982142857143
