,exec_time,exec_time
,mean,std
fqdn,,
dd-0-0.0.1,0.626688435835351,0.11846281992823077
pyaes-0-0.0.1,1.3760586714285716,0.1398427188520881
video_processing-0-0.0.1,7.424843652631579,0.3766202137443666
