,image_processing-0-0.0.1,video_processing-0-0.0.1,dd-0-0.0.1,pyaes-0-0.0.1
0,52.059609,29.925837,20.634407,44.90557300000001
1,49.11084,38.19127199999999,25.377014999999997,32.778625999999996
2,50.050586,41.83458000000002,19.742408999999995,31.898818
