,image_processing-0-0.0.1,video_processing-0-0.0.1,pyaes-0-0.0.1,dd-0-0.0.1
0,68.469484,251.67791599999995,50.57595300000002,41.29219999999999
1,67.08651499999999,264.26547999999997,42.384651,39.314532
2,46.906289,290.17123799999996,40.41101899999999,83.397616
