,exec_time,exec_time
,mean,std
fqdn,,
pyaes_small-0-0.0.1,0.13387333676470586,0.006868593557050817
