minutes,pyaes_small-0-0.0.1
1051,0.008484770912228354
1052,-0.0022943900487703553
1053,-0.3440249307776865
