minutes,pyaes_small-0-0.0.1
1051,-0.596006017591748
1052,-0.7172429302659876
1053,-1.058456247082336
