minutes,pyaes_small-0-0.0.1
1051,0.265833578643556
1052,0.5027340214575223
1053,0.5821420572870375
