minutes,pyaes_small-0-0.0.1
1051,-4.4520143592094135
1052,-5.357623464085346
1053,-7.906400726700835
