minutes,pyaes_small-0-0.0.1
1051,1.9857096645822896
1052,3.7552961150219293
1053,4.3484540787252
