minutes,pyaes_small-0-0.0.1
1051,0.06337909487638367
1052,-0.017138513943242836
1053,-2.569779308499201
