minutes,image_processing-0-0.0.1,pyaes-0-0.0.1,dd-0-0.0.1
1230,11.978287731767274,28.437342942424387,13.71993180109152
1231,15.646166756417873,12.523568907153281,10.025463617070441
1232,13.538093270946737,10.058043607692579,10.493076707436684
1233,15.792580832266818,10.830087985276815,9.711753179763203
