,exec_time,exec_time
,mean,std
fqdn,,
dd-0-0.0.1,0.07992963730569948,0.004516223609553423
image_processing-0-0.0.1,2.6802224951923077,0.08484914215465415
pyaes-0-0.0.1,0.3980310733333333,0.00582889994789996
video_processing-0-0.0.1,12.085658409313726,1.5661937280487412
