,dd-0-0.0.1,image_processing-0-0.0.1,pyaes-0-0.0.1,video_processing-0-0.0.1
0,0.532560422159578,12.689972846517767,1.8900934396603084,19.5763719918828
