minute,0
1331,-25.741317612877044
1332,-17.99270488657085
1333,-18.756238821581935
1334,99.99999999999999
