minute,perf_rapl,igpm,x_rest
1213,39.53338983050847,64.29979664980779,24.766406819299306
1214,41.6395,67.8805796042199,26.24107960421991
1215,44.55616666666666,70.77741622865393,26.221249561987275
