minute,0
1213,-26.227750387395744
1214,-28.549680642794904
1215,-32.788439039145054
