,exec_time,exec_time
,mean,std
fqdn,,
cnn_image_classification-0-0.0.1,2.5956679971910113,1.208930345156298
dd-0-0.0.1,0.7781868842105263,0.2543228491829222
image_processing-0-0.0.1,1.5767163666666668,0.2473612138895373
pyaes-0-0.0.1,1.5172995244444445,0.30411661771140974
