minute,0
1203,17.2918069271662
1204,10.954497362979659
1205,10.457002260414319
1206,100.0
