minutes,image_processing-0-0.0.1,dd-0-0.0.1,pyaes-0-0.0.1
1184,1.55,1.3833333333333333,1.4833333333333334
1185,1.4666666666666666,1.4833333333333334,1.0333333333333334
1186,1.35,1.2833333333333334,1.0166666666666666
