,exec_time,exec_time
,mean,std
fqdn,,
1_pyaes_2000-0-0.0.1,1.4662512857142858,0.19441778470015803
2_pyaes_1500-0-0.0.1,1.1135487607142858,0.16993979632022124
3_pyaes_1000-0-0.0.1,0.7433914392059553,0.10756547524753006
5_pyaes_250-0-0.0.1,0.19601325952380952,0.05049545028312278
