,exec_time,exec_time
,mean,std
fqdn,,
dd-0-0.0.1,0.6668603308270676,0.15560089947442635
pyaes-0-0.0.1,1.3906856870026525,0.14854498702240637
video_processing-0-0.0.1,7.738930822102426,0.3125725727358598
