,exec_time,exec_time
,mean,std
fqdn,,
dd-0-0.0.1,0.6166069187279152,0.10850594127267243
image_processing-0-0.0.1,1.3976783577777776,0.13006473894751952
pyaes-0-0.0.1,1.37404886,0.12178671071460098
