minutes,pyaes-0-0.0.1,image_processing-0-0.0.1,dd-0-0.0.1
1185,12.638533927474787,15.574485267160867,9.434198320282135
1186,9.038395191361,16.768648397300158,12.127997871144022
1187,12.269355157592818,19.81237186160304,8.65821456286057
