,exec_time,exec_time
,mean,std
fqdn,,
dd-0-0.0.1,0.08333318542199489,0.0051784900658881005
image_processing-0-0.0.1,2.6547265894206546,0.07323356621030397
pyaes-0-0.0.1,0.40195337673130194,0.00658118515980815
