{
    "data": {
        "cnn_image_classification": {
            "function_name": "cnn_image_classification",
            "image_name": "docker.io/alfuerst/cnn_image_classification-iluvatar-action:latest",
            "warm_results_sec": [
                1.0628926753997805,
                1.2272133827209473,
                1.378063678741455
            ],
            "warm_over_results_us": [
                2031.3246002194937,
                2121.6172790527344,
                2031.3212585449219
            ],
            "cold_results_sec": [
                3.844815254211426,
                3.844491004943848,
                3.844794988632202
            ],
            "cold_over_results_us": [
                2744022.745788574,
                2744436.995056152,
                2744261.011367798
            ],
            "warm_worker_duration_us": [
                1063779,
                1228274,
                1379073
            ],
            "cold_worker_duration_us": [
                6337023,
                6328585,
                6328893
            ],
            "warm_invoke_duration_us": [
                1064924,
                1229335,
                1380095
            ],
            "cold_invoke_duration_us": [
                6588838,
                6588928,
                6589056
            ]
        },
        "lin_pack": {
            "function_name": "lin_pack",
            "image_name": "docker.io/alfuerst/lin_pack-iluvatar-action:latest",
            "warm_results_sec": [
                0.0015690326690673828,
                0.00013828277587890625,
                0.007718563079833984
            ],
            "warm_over_results_us": [
                2377.967330932617,
                1763.7172241210938,
                1677.4369201660156
            ],
            "cold_results_sec": [
                0.06211280822753906,
                0.02531909942626953,
                0.004307746887207031
            ],
            "cold_over_results_us": [
                552030.1917724609,
                549870.9005737305,
                549931.253112793
            ],
            "warm_worker_duration_us": [
                2225,
                851,
                8330
            ],
            "cold_worker_duration_us": [
                292124,
                255308,
                226372
            ],
            "warm_invoke_duration_us": [
                3947,
                1902,
                9396
            ],
            "cold_invoke_duration_us": [
                614143,
                575190,
                554239
            ]
        },
        "pyaes": {
            "function_name": "pyaes",
            "image_name": "docker.io/alfuerst/pyaes-iluvatar-action:latest",
            "warm_results_sec": [
                0.1407465934753418,
                0.140106201171875,
                0.14009499549865723
            ],
            "warm_over_results_us": [
                1696.4065246582031,
                1551.798828125,
                1591.0045013427734
            ],
            "cold_results_sec": [
                0.1404101848602295,
                0.1404261589050293,
                0.13949275016784668
            ],
            "cold_over_results_us": [
                290225.8151397705,
                307121.8410949707,
                304141.2498321533
            ],
            "warm_worker_duration_us": [
                141452,
                140737,
                140743
            ],
            "cold_worker_duration_us": [
                201774,
                198760,
                194884
            ],
            "warm_invoke_duration_us": [
                142443,
                141658,
                141686
            ],
            "cold_invoke_duration_us": [
                430636,
                447548,
                443634
            ]
        },
        "json_dumps_loads": {
            "function_name": "json_dumps_loads",
            "image_name": "docker.io/alfuerst/json_dumps_loads-iluvatar-action:latest",
            "warm_results_sec": [
                0.26728224754333496,
                0.10565447807312012,
                0.24946975708007812
            ],
            "warm_over_results_us": [
                2033.752456665039,
                1614.5219268798828,
                1612.242919921875
            ],
            "cold_results_sec": [
                0.41414618492126465,
                0.19457697868347168,
                0.19548869132995603
            ],
            "cold_over_results_us": [
                337792.81507873535,
                322721.0213165283,
                336641.30867004395
            ],
            "warm_worker_duration_us": [
                268200,
                106269,
                250073
            ],
            "cold_worker_duration_us": [
                474294,
                251725,
                254464
            ],
            "warm_invoke_duration_us": [
                269316,
                107269,
                251082
            ],
            "cold_invoke_duration_us": [
                751939,
                517298,
                532130
            ]
        },
        "gzip_compression": {
            "function_name": "gzip_compression",
            "image_name": "docker.io/alfuerst/gzip_compression-iluvatar-action:latest",
            "warm_results_sec": [
                0.1492009162902832,
                0.14991211891174316,
                0.14890241622924805
            ],
            "warm_over_results_us": [
                1822.0837097167969,
                1518.881088256836,
                1615.5837707519531
            ],
            "cold_results_sec": [
                0.14964938163757324,
                0.1500546932220459,
                0.1490800380706787
            ],
            "cold_over_results_us": [
                340073.61836242676,
                340645.3067779541,
                343353.9619293213
            ],
            "warm_worker_duration_us": [
                149916,
                150505,
                149540
            ],
            "cold_worker_duration_us": [
                191929,
                215161,
                174738
            ],
            "warm_invoke_duration_us": [
                151023,
                151431,
                150518
            ],
            "cold_invoke_duration_us": [
                489723,
                490700,
                492434
            ]
        },
        "dd": {
            "function_name": "dd",
            "image_name": "docker.io/alfuerst/dd-iluvatar-action:latest",
            "warm_results_sec": [
                0.04694223403930664,
                0.04729175567626953,
                0.04771709442138672
            ],
            "warm_over_results_us": [
                1775.7659606933594,
                2042.2443237304688,
                2305.9055786132812
            ],
            "cold_results_sec": [
                0.04239702224731445,
                0.04254722595214844,
                0.0455775260925293
            ],
            "cold_over_results_us": [
                336690.97775268555,
                331896.77404785156,
                322165.4739074707
            ],
            "warm_worker_duration_us": [
                47683,
                48263,
                48793
            ],
            "cold_worker_duration_us": [
                92904,
                108242,
                101337
            ],
            "warm_invoke_duration_us": [
                48718,
                49334,
                50023
            ],
            "cold_invoke_duration_us": [
                379088,
                374444,
                367743
            ]
        },
        "float_operation": {
            "function_name": "float_operation",
            "image_name": "docker.io/alfuerst/float_operation-iluvatar-action:latest",