minutes,image_processing-0-0.0.1,pyaes-0-0.0.1,dd-0-0.0.1
945,1.45,1.7,1.5333333333333334
946,1.4166666666666667,1.15,1.7333333333333334
947,1.5666666666666667,1.4333333333333333,1.65
948,0.8166666666666667,1.0166666666666666,1.7
949,0.0,0.7666666666666667,1.3166666666666667
