,image_processing-0-0.0.1,pyaes-0-0.0.1,dd-0-0.0.1
0,51.607661,57.65544099999999,32.739537000000006
1,47.60856200000001,41.518072000000004,41.49473800000002
2,57.43116600000001,46.379751000000006,36.28676200000001
3,27.162056000000003,35.993618000000005,37.821653000000005
4,0.0,26.124233,28.482423000000008
