minutes,image_processing-0-0.0.1,pyaes-0-0.0.1,dd-0-0.0.1
945,9.74709935534244,16.80535221824693,7.377284707680561
946,8.260519315187578,11.5098439160626,7.427589453411788
947,9.284926416222428,12.867826881854445,7.119280692529804
948,6.4710560387274665,9.847362434457096,7.173341178151389
949,0.0,8.390868754253395,7.45499120292805
