minute,0
1053,25.23657930407428
1054,5.372215904436228
1055,14.708175716497031
1056,-2.1553941227810007
1057,-1.804121644658749
1058,-8.180339155433282
1059,1.4284605393842351
1060,1.1449878276771617
1061,1.079802801674173
1062,-6.85336808520963
1063,6.511964257939766
1064,100.0
