 ,     pyaes-0-0.0.1,          dd-0-0.0.1,image_processing-0-0.0.1,cnn_image_classification-0-0.0.1
0,12.052293271698113,0.016589617283950617,        9.00954934045226,               17.52995594344473
