,exec_time,exec_time
,mean,std
fqdn,,
1_pyaes_2000-0-0.0.1,1.4827474333333333,0.24215229313575987
2_pyaes_1500-0-0.0.1,1.117697775,0.17711041528048915
3_pyaes_1000-0-0.0.1,0.7425337692307692,0.11506689173228413
4_pyaes_500-0-0.0.1,0.37526673625,0.08439794023567287
