minute,tegra,igpm
1167,16.023640651740727,18.1951130181685
1168,15.266695292468267,16.45239877612336
1169,14.462908154445353,15.198817220924429
1170,16.001913821200514,14.729756821172105
