,exec_time,exec_time
,mean,std
fqdn,,
dd-0-0.0.1,1.1521758228643215,0.049893466189094245
image_processing-0-0.0.1,2.129118029639175,0.3732051450260883
pyaes-0-0.0.1,2.573401757069409,0.07811615673374384
