,exec_time,exec_time
,mean,std
fqdn,,
dd-0-0.0.1,1.2214464797136038,0.07981585735382277
image_processing-0-0.0.1,2.228196903703704,0.13136300904448295
pyaes-0-0.0.1,2.75705985,0.16411119081228748
video_processing-0-0.0.1,7.6989942,0.6073759711813154
