,dd-0-0.0.1,image_processing-0-0.0.1,pyaes-0-0.0.1,video_processing-0-0.0.1
0,2.904367541766093,12.047604938271602,18.495684210526317,20.607131578947346
