,dd-0-0.0.1,image_processing-0-0.0.1,pyaes-0-0.0.1,video_processing-0-0.0.1
0,-1.1455847255369929,12.533333333333333,18.65,22.923684210526314
