,exec_time,exec_time
,mean,std
fqdn,,
dd-0-0.0.1,1.1845215744416873,0.06041981323126265
image_processing-0-0.0.1,2.1586135752105897,0.10180559888166417
pyaes-0-0.0.1,2.6556766287069986,0.10905002076764474
video_processing-0-0.0.1,8.01139492,0.20206286427020462
