,image_processing-0-0.0.1,video_processing-0-0.0.1,pyaes-0-0.0.1
0,56.271117000000004,32.947555,48.22514699999999
1,50.39743199999999,38.39750000000001,33.854126
2,46.193005,44.1738,32.696746
