,exec_time,exec_time
,mean,std
fqdn,,
dd-0-0.0.1,1.1971351286173635,0.0802111846765101
pyaes-0-0.0.1,2.7103326690140843,0.15982221970952462
video_processing-0-0.0.1,8.950179095070423,0.3458537191410928
