,exec_time,exec_time
,mean,std
fqdn,,
dd-0-0.0.1,0.3573318954703833,0.04292266604465111
pyaes-0-0.0.1,1.0593081572327046,0.09827456643039806
video_processing-0-0.0.1,1.446558390625,0.14018114174798071
