minutes,dd-0-0.0.1,pyaes-0-0.0.1,video_processing-0-0.0.1
1129,1.6051257869438489,6.720308409373972,8.243273254836009
1130,1.510943474368666,9.129015320689664,7.730134457209162
1131,1.6266082075701354,9.644014221604069,8.13341167878588
