minutes,dd-0-0.0.1,pyaes-0-0.0.1,video_processing-0-0.0.1
1129,3.19889977253133,16.680010520906663,7.20281302691253
1130,2.003173362583255,12.329967890291567,14.900481209405553
1131,2.9977619390503034,8.599327946311124,14.713114397952632
1132,,,
