minutes,video_processing-0-0.0.1,dd-0-0.0.1,pyaes-0-0.0.1
1129,5.698541661546355,4.491974568435597,6.34405424284643
1130,5.343810873662196,4.228403603265518,8.61790335357933
1131,5.622594795687271,4.552093524785708,9.104068684600444
