minutes,video_processing-0-0.0.1,dd-0-0.0.1,pyaes-0-0.0.1
1129,4.979275688830288,8.952180908229234,15.746136199385901
1130,10.3006427573018,5.6059181617311955,11.63964216276961
1131,10.17111683379451,8.389292915215755,8.117871921968083
1132,,,
