minute,0
1129,-25.70127181957825
1130,-6.867748573599244
1131,-22.43558451982903
1132,100.0
