,exec_time,exec_time
,mean,std
fqdn,,
dd-0-0.0.1,0.7186377443609023,0.1778912300545222
image_processing-0-0.0.1,1.515874274611399,0.19540193208608186
pyaes-0-0.0.1,1.4441452015915117,0.18798777580888318
video_processing-0-0.0.1,7.794701056603774,0.8200979733302569
