,dd-0-0.0.1,image_processing-0-0.0.1,pyaes-0-0.0.1,video_processing-0-0.0.1
0,6.635964912280702,10.832227979274606,16.412387267904514,23.900592991913754
