,dd-0-0.0.1,image_processing-0-0.0.1,pyaes-0-0.0.1,video_processing-0-0.0.1
0,9.618959779583514,15.219313564316813,22.464637065603327,33.1397258938869
