minutes,json_dumps_loads-0-0.0.1
1042,4.25
1043,3.9166666666666665
1044,2.966666666666667
