minutes,json_dumps_loads-0-0.0.1
1042,0.9820502666666667
1043,0.9240448666666665
1044,0.6514096500000001
