minutes,json_dumps_loads-0-0.0.1
1042,-4.779282424218476
1043,-7.629596033625919
1044,-12.214232836050853
