minutes,json_dumps_loads-0-0.0.1
1042,-5.789061033548914
1043,-8.418828346046574
1044,-13.653753579754767
