minutes,json_dumps_loads-0-0.0.1
1042,-5.391692977729944
1043,-8.30348895798335
1044,-12.718033714263784
