minutes,image_processing-0-0.0.1,model_training-0-0.0.1,pyaes-0-0.0.1
1114,9.940517799320796,42.19242458079868,0.7095372720553857
1115,10.329023888986226,42.13451528675419,0.8339677920940768
1116,7.294655633861147,48.275550560786314,0.9195198334255826
1117,11.44806685575189,42.21301595146103,1.04349879420433
1118,14.97032523558577,41.370457448679375,1.0797319889096708
1119,15.00585422607354,37.63091557611397,1.4395609716950932
1120,10.896021675388214,42.477489602693765,1.1729365549149053
1121,9.41495996368139,42.851294687816704,1.035853982385767
1122,11.084136856184228,41.83505526346724,0.9920903065838642
1123,9.44541663573603,45.86750729988151,0.7796039016718762
1124,16.767282891087945,36.06943323299909,1.6327654248237522
1125,9.517591925106277,44.510833516222725,1.0601847864897804
1126,6.926286588173388,51.88345382743188,0.4340266951479655
1127,7.575607207598673,46.244202344151894,0.8257885482080664
1128,13.239847223165794,38.63589481830786,0.5921233235820148
1129,11.149121654773063,44.91247887539375,0.8955852250180714
1130,13.721640057175689,37.18656671502422,0.5688073327270557
1131,9.643049437942503,45.1854119069457,0.9374486086918687
1132,20.447806472333113,123.04340641069088,2.1589437751893623
