,video_processing-0-0.0.1,dd-0-0.0.1,pyaes-0-0.0.1
0,41.591286000000004,28.04176099999999,63.817004000000004
1,51.866314,34.286049,47.301266000000005
2,58.097805,26.893434000000003,42.771722999999994
