minute,tegra,igpm
1185,15.515762919432726,12.544087659493053
1186,14.29186305962217,12.24766622464529
1187,14.458207197546278,12.176487623685198
1188,15.618870518510981,12.073023191175405
