,cnn_image_classification_gpu-0-0.0.1,dd-0-0.0.1,image_processing-0-0.0.1,pyaes-0-0.0.1
0,38.20019001642732,6.985494408689932,7.448742648266891,9.803821893685738
