,image_processing-0-0.0.1,video_processing-0-0.0.1,pyaes-0-0.0.1,dd-0-0.0.1
0,85.979163,335.791069,107.91830300000001,172.00148900000005
1,119.13888299999998,339.3041980000001,119.36534100000002,126.88937599999997
2,84.614184,304.198997,117.16859699999999,187.529519
3,100.309324,332.16018199999996,119.02228199999998,149.126655
4,74.02668400000002,234.870043,43.374535,114.96986100000005
