,image_processing-0-0.0.1,video_processing-0-0.0.1,dd-0-0.0.1,pyaes-0-0.0.1
0,130.12911000000003,413.960925,81.64805400000002,137.095331
1,127.01554600000001,453.319431,69.685733,127.724374
2,133.518589,434.5206359999999,77.186837,175.54993799999994
3,175.437338,410.3871089999999,83.50157800000002,157.54209499999996
4,94.24002000000002,339.5412450000001,51.00820799999998,107.045421
