,exec_time,exec_time
,mean,std
fqdn,,
image_processing-0-0.0.1,2.6721313028846154,0.08132586612157108
pyaes-0-0.0.1,0.39893647777777774,0.0052326713099984075
video_processing-0-0.0.1,12.093295219753085,1.4581131315726263
