,exec_time,exec_time
,mean,std
fqdn,,
dd-0-0.0.1,0.6127740153121319,0.10391379079759082
image_processing-0-0.0.1,1.3934502066666667,0.1263382186656947
pyaes-0-0.0.1,1.3755262577777778,0.1304429110190459
