,exec_time,exec_time
,mean,std
fqdn,,
1_pyaes_2000-0-0.0.1,1.4887234476190478,0.19584750596328224
2_pyaes_1500-0-0.0.1,1.1200357285714286,0.18047437958943446
4_pyaes_500-0-0.0.1,0.379863145,0.07728599825668386
5_pyaes_250-0-0.0.1,0.19257005535714286,0.0482212365123638
