minute,0
1157,-24.80071169809716
1158,-16.59026652632339
1159,-25.42360803045871
1160,100.0
