,exec_time,exec_time
,mean,std
fqdn,,
dd-0-0.0.1,0.35779952961672473,0.048527224721737885
pyaes-0-0.0.1,1.0554026792452829,0.09557629078599532
video_processing-0-0.0.1,1.4460887890625,0.1356093868961758
