minute,0
1221,-11.398407144643294
1222,3.020792669191232
1223,-0.029242715392980432
1224,99.99999999999999
