,image_processing-0-0.0.1,video_processing-0-0.0.1,pyaes-0-0.0.1,dd-0-0.0.1
0,19.563799,71.92484199999998,36.55645099999999,25.889532000000003
1,21.500605000000004,106.66599999999998,16.191087,20.284103
2,38.97921100000001,61.056292,20.910735999999996,16.228736
