,image_processing-0-0.0.1,video_processing-0-0.0.1,dd-0-0.0.1,pyaes-0-0.0.1
0,74.50008800000002,376.54780600000004,116.721494,80.00908599999998
1,73.932308,397.181079,91.79885100000001,81.73512399999998
2,54.12012800000001,338.7560700000001,152.35583700000004,62.67196799999999
