,cnn_image_classification-0-0.0.1,dd-0-0.0.1,image_processing-0-0.0.1,pyaes-0-0.0.1
0,2.496409090909087,-0.21436701509872208,-4.739600000000015,-6.00795555555556
