,cnn_image_classification-0-0.0.1,dd-0-0.0.1,image_processing-0-0.0.1,pyaes-0-0.0.1
0,8.288087652907102,1.242622236739378,-3.3831922422531675,-4.370676095612337
