,cnn_image_classification-0-0.0.1,dd-0-0.0.1,image_processing-0-0.0.1,pyaes-0-0.0.1
0,5.7916785619980145,1.4569892518381,1.356407757746848,1.637279459943206
