,exec_time,exec_time
,mean,std
fqdn,,
dd-0-0.0.1,0.34860910104529613,0.037260114943296355
image_processing-0-0.0.1,1.4162705698924731,0.12114517549786534
pyaes-0-0.0.1,1.0670848616352202,0.09902517850318843
