minutes,dd-0-0.0.1,image_processing-0-0.0.1,pyaes-0-0.0.1
1230,1.0654057323174884,7.003387401517927,5.057087345896003
1231,1.0207855735735667,6.648517209398818,6.673899116772493
1232,1.1345656812151983,6.590905280772501,6.849120545175797
