minutes,dd-0-0.0.1,image_processing-0-0.0.1,pyaes-0-0.0.1
1230,3.499677871888745,11.43673914081307,19.790255321080586
1231,2.438349669145988,15.459910820054377,13.363710794468805
1232,2.8503756141653285,13.695430765786565,9.907187142863673
1233,,,
