minutes,dd-0-0.0.1,image_processing-0-0.0.1,pyaes-0-0.0.1
1230,2.389903115766624,26.0723828713524,16.906665233790545
1231,2.193280627924325,27.018269574657992,22.500368452681553
1232,2.4863227869725173,26.904115859195183,22.568302871967337
