minutes,image_processing-0-0.0.1,pyaes-0-0.0.1,dd-0-0.0.1
1230,8.0752501562476,18.546093223320252,10.03897448860355
1231,10.91593029517526,12.523568907153281,6.994509500281703
1232,9.670066622104812,9.28434794556238,8.176423408392221
1233,,,
