minutes,image_processing-0-0.0.1,pyaes-0-0.0.1,dd-0-0.0.1
1230,18.40918213341952,15.843786976681933,6.855538506024531
1231,19.077053600506073,21.085828561190137,6.291518555734274
1232,18.996451971206188,21.14949211947704,7.132122424564756
