minute,0
1230,-50.24944989780909
1231,-13.455626616276412
1232,-9.216076752526817
1233,100.0
