,image_processing-0-0.0.1,video_processing-0-0.0.1,pyaes-0-0.0.1
0,28.909915,72.303098,36.02129199999998
1,30.632224999999995,106.70913500000002,15.979783999999999
2,37.875119,61.078098999999995,20.724158999999997
