,exec_time,exec_time
,mean,std
fqdn,,
dd-0-0.0.1,0.664598,0.14469060075651624
image_processing-0-0.0.1,1.4888351761904763,0.20127291162991395
pyaes-0-0.0.1,1.3943099333333333,0.14361674377988837
video_processing-0-0.0.1,6.735404010526316,1.152255548423458
