,dd-0-0.0.1,image_processing-0-0.0.1,pyaes-0-0.0.1,video_processing-0-0.0.1
0,5.1891525423728835,9.356476190476194,19.166428571428582,26.433210526315797
