,dd-0-0.0.1,image_processing-0-0.0.1,pyaes-0-0.0.1,video_processing-0-0.0.1
0,8.113469883826948,14.458480476961128,24.669907198110327,34.89909125130697
