,dd-0-0.0.1,image_processing-0-0.0.1,pyaes-0-0.0.1,video_processing-0-0.0.1
0,2.9243173414540644,5.102004286484927,5.503478626681776,8.46588072499118
