,exec_time,exec_time
,mean,std
fqdn,,
dd-0-0.0.1,1.145906403341289,0.05350404504801119
image_processing-0-0.0.1,2.105790725925926,0.09722130207141759
pyaes-0-0.0.1,2.586017957894737,0.0967773325033977
