,dd-0-0.0.1,image_processing-0-0.0.1,pyaes-0-0.0.1,video_processing-0-0.0.1
0,-4.049952267303086,0.48572839506173127,0.15431578947370184,2.3165526315789498
