minute,0
1148,1.4649012039081848
1149,0.19009147215477912
1150,0.21659249111639226
1151,100.00000000000001
