,exec_time,exec_time
,mean,std
fqdn,,
image_processing-0-0.0.1,1.4577117582417582,0.1524676616469008
pyaes-0-0.0.1,1.1019147974683545,0.1369488367807092
video_processing-0-0.0.1,1.487827671875,0.16142510381179065
