,image_processing-0-0.0.1,pyaes-0-0.0.1,dd-0-0.0.1,cp
0,227.95133999999993,318.4634680000001,138.317048,0.0
1,187.0,185.0,148.0,0.0
2,179.0,167.0,123.0,0.0
3,178.0,205.0,119.0,0.0
