,image_processing-0-0.0.1,pyaes-0-0.0.1,dd-0-0.0.1,cp
0,227.95133999999993,318.4634680000001,138.317048,0.0
1,124.71710200000001,128.886465,76.171517,0.0
2,118.69604600000001,121.29986400000001,65.716055,0.0
3,121.62284399999999,146.76418799999993,63.394915,0.0
