minutes,image_processing-0-0.0.1,pyaes-0-0.0.1,video_processing-0-0.0.1
1143,5.4156924510486695,11.159439668060454,39.929721619834936
1144,6.817432756835779,12.130881704063249,40.860296857294166
1145,6.1174895427818505,9.651786792286748,41.00358239287701
1146,25.934321726466365,86.35717256376249,968.4632022329502
