minute,0
1143,7.5043317661703925
1144,10.4293295577164
1145,9.44858346160537
1146,18.20970688049704
