minute,perf_rapl,ipmi,x_rest
56,89.4735294117647,236.76470588235293,147.29117647058823
57,87.205,233.96666666666667,146.76166666666668
58,90.66966666666667,236.73333333333332,146.06366666666665
59,88.72322033898305,234.27118644067798,145.54796610169493
60,94.67800000000001,240.75,146.072
61,94.05884615384615,240.53846153846155,146.47961538461539
