,exec_time,exec_time
,mean,std
fqdn,,
dd-0-0.0.1,0.08143593472584856,0.004963186207285491
pyaes-0-0.0.1,0.3998087133333333,0.004904819864383258
video_processing-0-0.0.1,12.1768855225,1.441394144732094
