minute,tegra
1027,19.963653090309187
1028,19.43430440542341
1029,19.06802329201715
1030,19.590963748817803
1031,19.432548315492575
1032,19.487319159178202
1033,19.63265550053166
1034,18.817354736765203
1035,19.534285371769936
1036,18.035940084159186
1037,19.4440873529588
1038,19.586302600769525
