,video_processing-0-0.0.1,dd-0-0.0.1,pyaes-0-0.0.1
0,33.351842,22.190704,49.89755299999998
1,44.033749,28.331592,36.55082899999999
2,48.02271300000002,21.679567000000002,38.14493
