minutes,video_processing-0-0.0.1,dd-0-0.0.1,pyaes-0-0.0.1
1267,22.263203702524553,10.122474353033653,29.43110646551791
1268,26.425738253936103,9.683823711012733,28.08279762478602
1269,24.995208600681334,10.080715435996664,29.06574141930492
