minutes,video_processing-0-0.0.1,dd-0-0.0.1,pyaes-0-0.0.1
1267,7.534487604703967,5.5684730890014125,10.746054705778928
1268,9.054689200529076,5.424082686301086,10.901597122286988
1269,9.09055823206164,5.667225758992762,10.88578235625254
