,image_processing-0-0.0.1,video_processing-0-0.0.1,dd-0-0.0.1,pyaes-0-0.0.1
0,52.48998099999999,31.4407,20.473986999999997,44.682591
1,48.059271,37.551027000000005,24.798469,32.01772500000001
2,49.04417100000002,41.78413200000001,20.205255,31.468358
