,image_processing-0-0.0.1,video_processing-0-0.0.1,pyaes-0-0.0.1
0,128.245898,477.70856499999996,133.357738
1,125.106882,548.825715,125.09061799999998
2,126.85193099999998,526.566113,170.11754499999992
3,169.85863200000003,512.918693,154.36922999999996
4,124.08111399999999,564.9644079999999,132.17295499999994
