minutes,image_processing-0-0.0.1,model_training-0-0.0.1,pyaes-0-0.0.1,video_processing-0-0.0.1
1271,32.542316914988355,36.42194427620652,9.610314423490168,10.408209602157228
1272,9.810906499553704,0.8564461766545209,22.418549339949475,94.28776822009345
1273,17.800820184036567,24.935139400974602,23.949434280102793,15.55016972550064
1274,9.60583846295638,54.88503405540393,9.467768770309599,9.220524977646152
1275,27.249498639521725,4.523932134161355,29.564754987853885,50.90845497409886
1276,22.07489561932553,21.708608336627815,28.9993285312805,11.892376512023581
1277,12.662791574772072,69.87604194074102,16.7901684995473,45.55295326679236
1278,2.6297810383742135,24.517569671615604,23.268579073069603,1.1577317955348185
1279,1.5168436421575024,28.31524619287605,13.488821609544498,5.767329222266227
1280,2.7504937139594734,3.287781356225005,19.109245621276834,21.91645850634798
1281,33.79357273822571,211.1745497567703,22.25635539769203,37.210592060159684
1282,1000.0,1000.0,1000.0,1000.0
