minutes,image_processing-0-0.0.1,model_training-0-0.0.1,pyaes-0-0.0.1,video_processing-0-0.0.1
1271,35.25759528510453,28.86458728325164,9.406375438259449,18.3229079058311
1272,13.643896049889307,10.938629022837794,15.550521647926397,87.79891587546341
1273,2.8111354746882977,9.05395346269669,17.988971204259666,4.438168399337699
1274,18.60374089831242,37.82727097014287,12.529172348755022,19.46798967445873
1275,15.714251903886373,6.7615640666860255,20.960809854479418,49.480928760750146
1276,38.5047477715668,9.759691339191523,21.153277323237766,0.1587059893940085
1277,4.822083062956831,52.71667285157749,12.108505737258744,49.87303792155443
1278,13.125307961574077,18.137333459264706,23.496772624909955,10.082690635874588
1279,23.342587364209116,14.382861530337468,11.559012438218213,15.820240079095257
1280,9.371114384216938,10.39730656686185,17.844783675123026,34.69822828970926
1281,49.500846287696035,169.4637166541729,20.22265847216692,38.09660268835765
1282,1000.0,1000.0,1000.0,1000.0
