minutes,image_processing-0-0.0.1,model_training-0-0.0.1,pyaes-0-0.0.1,video_processing-0-0.0.1
1271,14.180498575477797,57.04757609797652,15.053453599030178,25.814254122052663
1272,9.6491923611612,41.4588683761164,12.920376481097325,45.42591388550119
1273,8.794363788233278,52.244137921522594,12.665423659156755,19.744993484864448
1274,11.726560032784825,64.76828792898536,18.23070815284994,25.536564692756958
1275,7.783464216709316,43.70878163421167,11.730250921485768,35.28351034678508
1276,13.060605274779903,50.89489915057281,11.824416764340558,20.600212529524796
1277,9.344073564479087,71.0370789776795,13.857724246810575,34.031354528647476
1278,10.980202381324817,52.06952275210682,12.778812949111268,23.110051676630906
1279,10.86113092151497,53.65759746759004,14.40752892757688,24.729182043551955
1280,10.40457506291841,40.442156736268984,13.471506288181008,28.504967636773127
1281,14.314368510997003,130.123888067904,12.947388180145106,32.080848919128364
1282,,,,
