,image_processing-0-0.0.1,model_training-0-0.0.1,pyaes-0-0.0.1,video_processing-0-0.0.1
0,10.698846153846143,41.81700854700855,16.653950617283947,23.380737913485998
