,image_processing-0-0.0.1,model_training-0-0.0.1,pyaes-0-0.0.1,video_processing-0-0.0.1
0,3.628318085742742,16.691963395767385,4.82705661819703,7.3803505312146
