,image_processing-0-0.0.1,model_training-0-0.0.1,pyaes-0-0.0.1,video_processing-0-0.0.1
0,14.327164239588885,58.508971942775936,21.481007235480977,30.761088444700597
