minutes,image_processing-0-0.0.1,video_processing-0-0.0.1,model_training-0-0.0.1,pyaes-0-0.0.1
1271,2.5777874484280443,1.170778132782278,2.407957970605629,2.9536664695090415
1272,3.2892598361905554,1.3654715612424109,1.3975549471956041,3.4987297020193386
1273,2.5440482101119977,1.0676416772288917,1.5172568879992188,3.3185389114620802
1274,2.6114665226762663,1.2404649876545142,2.082946775050445,3.982277428314626
1275,2.1285977722081615,1.1835322778527306,1.4230185380306313,3.5174565990309263
1276,3.3638658304067826,1.1294630429618986,1.7484970836035387,3.426634382357977
1277,2.813781425970138,1.3353973555341012,2.4035103668335682,3.3660463050560048
1278,2.5923509019240876,1.1895206896686104,2.237580979294904,2.449576871338595
1279,3.377338124847097,1.205650289082197,1.7409215699637628,3.0766640807716588
1280,2.6110754496006376,1.4303647181928638,1.5725354949801864,2.7990400711141468
1281,3.523383639236443,1.1504238434579916,3.6134996714816006,2.8079719419108
