,exec_time,exec_time
,mean,std
fqdn,,
dd-0-0.0.1,3.2807123352769683,1.109839469971798
image_processing-0-0.0.1,2.0774684169279,0.3005164837631012
pyaes-0-0.0.1,2.3290471966666666,0.47285357951823576
video_processing-0-0.0.1,7.739855598540146,0.8826953552883023
