minute,0
1090,9.705013741627072
1091,12.506146596890833
1092,11.570329997023007
1093,23.33286786474489
1094,15.13536082566466
