,exec_time,exec_time
,mean,std
fqdn,,
dd-0-0.0.1,1.197104494033413,0.07776306693191354
pyaes-0-0.0.1,2.699661844736842,0.14817699660362035
video_processing-0-0.0.1,8.931388638297872,0.36082463527246295
