,exec_time,exec_time
,mean,std
fqdn,,
dd-0-0.0.1,0.63346679973822,0.1394789351814944
image_processing-0-0.0.1,1.4081680277777777,0.1487849949048836
pyaes-0-0.0.1,1.3559396357723577,0.10778541235816148
