,video_processing-0-0.0.1,pyaes-0-0.0.1,dd-0-0.0.1,cp
0,1062.2690750000004,336.7643099999999,145.32705999999996,0.0
1,516.0,178.0,147.0,0.0
2,578.0,176.0,125.0,0.0
3,551.0,237.0,138.0,0.0
4,5.0,2.0,5.0,0.0
