,image_processing-0-0.0.1,video_processing-0-0.0.1,pyaes-0-0.0.1
0,68.31467299999998,37.65594100000001,59.81816100000001
1,59.620864999999974,45.714138000000005,39.519321
2,57.86718999999999,53.019765,40.21567500000001
