,image_processing-0-0.0.1,video_processing-0-0.0.1,dd-0-0.0.1
0,52.249151999999995,155.600098,35.048755
1,50.635913,198.059263,48.366067999999984
2,57.39647,237.334168,43.36592400000001
3,27.865575999999997,236.52149200000005,42.57481199999999
4,0.0,202.93232500000002,31.051594999999992
