minutes,dd-0-0.0.1,image_processing-0-0.0.1,pyaes-0-0.0.1,video_processing-0-0.0.1
1304,0.8445792158434948,22.337627476419097,12.552539331147512,24.060750932769032
1305,0.7281510748893767,24.199886124252984,17.18301933902394,24.05464042109364
1306,1.0176323135725402,22.750677819099735,17.441810460220207,21.139988202122684
