,dd-0-0.0.1,image_processing-0-0.0.1,pyaes-0-0.0.1,video_processing-0-0.0.1
0,2.1873170731707323,11.04747311827957,6.438238993710693,8.710859374999998
