,dd-0-0.0.1,image_processing-0-0.0.1,pyaes-0-0.0.1,video_processing-0-0.0.1
0,1.6392685486649459,3.069225458324239,3.41610989368657,4.625638157728375
