,dd-0-0.0.1,image_processing-0-0.0.1,pyaes-0-0.0.1,video_processing-0-0.0.1
0,3.826585621835669,14.116698576603799,9.854348887397252,13.336497532728359
