minute,0
1304,-21.71306717450494
1305,-21.12199955531299
1306,-21.622357348223456
1307,100.0
