,cnn_image_classification-0-0.0.1,dd-0-0.0.1,image_processing-0-0.0.1,pyaes-0-0.0.1
0,22.317306701030923,7.244148148148142,11.811482412060304,17.793018867924523
