,cnn_image_classification-0-0.0.1,dd-0-0.0.1,image_processing-0-0.0.1,pyaes-0-0.0.1
0,28.59536082474227,8.903703703703703,12.89321608040201,17.77987421383648
