,cnn_image_classification-0-0.0.1,dd-0-0.0.1,image_processing-0-0.0.1,pyaes-0-0.0.1
0,6.278054123711364,1.65955555555558,1.0817336683417422,-0.013144654088046654
