,mc_c_0_0,mc_c_0_2,mc_c_0_4,mc_c_0_6,mc_c_0_8,mc_c_1_0
0,28.698453608247423,25.37441860465116,29.650429799426934,24.603112840466927,25.019867549668874,0
