,mc_c_0_0,mc_c_0_2,mc_c_0_4,mc_c_0_6,mc_c_0_8,mc_c_1_0
0,22.503092783505167,20.840395348837234,23.61871060171922,19.848793774319063,20.652317880794797,0
