,mc_c_0_0,mc_c_0_2,mc_c_0_4,mc_c_0_6,mc_c_0_8,mc_c_1_0
0,6.195360824742275,4.534023255813964,6.031719197707757,4.754319066147919,4.367549668874172,0
