,pyaes-0-0.0.1,dd-0-0.0.1,image_processing-0-0.0.1,cnn_image_classification-0-0.0.1
0,9581.573151,13.43759,7171.601274999999,13638.305724
