minute,perf_rapl,igpm,x_rest
1273,35.81576271186441,58.86476833169421,23.049005619829803
1274,33.113,55.77076200048101,22.657762000481007
1275,33.24703703703704,55.89566127544341,22.64862423840637
