minute,0
1273,-79.57607516973769
1274,-75.06274529367725
1275,-82.35527956981714
