,exec_time,exec_time
,mean,std
fqdn,,
cnn_image_classification-0-0.0.1,3.8637855135483874,2.094655843804269
dd-0-0.0.1,1.1646950148148147,0.06379717027122238
pyaes-0-0.0.1,2.6255633773584908,0.11421810551144296
