,image_processing-0-0.0.1,dd-0-0.0.1,pyaes-0-0.0.1
0,124.71710200000001,76.171517,128.886465
1,118.69604600000001,65.716055,121.29986400000001
2,126.59705699999998,71.49283299999999,165.70171499999995
3,166.92442699999998,79.52557399999999,148.03530399999994
4,87.95927199999998,48.911756,100.30000799999998
