,exec_time,exec_time
,mean,std
fqdn,,
1_pyaes_2000-0-0.0.1,1.6260087297297297,0.3009332036243032
2_pyaes_1500-0-0.0.1,1.1849784360189572,0.22962801495748242
3_pyaes_1000-0-0.0.1,0.8215086433566433,0.19810776644171463
4_pyaes_500-0-0.0.1,0.41504525778546714,0.11514549777307094
5_pyaes_250-0-0.0.1,0.2145175291666667,0.06749356911841872
