minute,0
808,6.478114803376744
809,10.00872132027179
810,10.760078701743721
811,100.0
