{
    "baseload_avg_p": 10.616195442512867,
    "e2e_cm": 6.915100000000001,
    "e2e_cv": 1.646413644865712,
    "e2e_gm": 19.9429,
    "e2e_gv": 2.373572979708019,
    "gpue": 579.0430085207599,
    "gpup_m": 10.158649272294035,
    "gpup_std": 5.988163823662846,
    "cpue": 69.12100929005587,
    "cpup_m": 3.4388561835848694,
    "cpup_std": 0.7270441419406053,
    "m2_gpue_m": 202.59292657243273,
    "m2_gpue_v": 143.53364774197343,
    "m2_cpue_m": 68.5807649836147,
    "m2_cpue_v": 22.66174473676618
}