,exec_time,exec_time
,mean,std
fqdn,,
dd-0-0.0.1,0.07884869146005509,0.004507885472694134
image_processing-0-0.0.1,2.6590098746736293,0.0673261542408583
pyaes-0-0.0.1,0.39771158101851856,0.004861238727960092
