minute,tegra,igpm
1257,14.66395579905161,14.619539865986217
1258,14.704802842555132,14.91250122068719
1259,14.952232287842627,12.887720561289086
1260,16.05018065534172,13.433365362702986
