,exec_time,exec_time
,mean,std
fqdn,,
dd-0-0.0.1,2.673300630769231,0.2961024885632262
image_processing-0-0.0.1,0.5308528333333333,0.48397148546267177
pyaes-0-0.0.1,0.4294332464788732,0.36762412541757655
video_processing-0-0.0.1,2.6494976410256412,0.06376405803433309
