,dd-0-0.0.1,image_processing-0-0.0.1,pyaes-0-0.0.1,video_processing-0-0.0.1
0,4.03891360743565,-1.366963298600523,-0.023109724870984893,4.406788895927525
