,image_processing-0-0.0.1,video_processing-0-0.0.1,pyaes-0-0.0.1,dd-0-0.0.1
0,30.337866000000005,149.52049399999999,24.525821999999994,31.382963999999998
1,35.184611000000004,134.42289000000002,38.16377499999999,35.828433999999994
2,27.967158999999995,183.55247400000002,30.527350999999996,41.331486999999996
