minutes,dd-0-0.0.1,image_processing-0-0.0.1,pyaes-0-0.0.1
1139,2.459555415686055,26.084717391724205,16.33559284925455
1140,2.2377798231337644,28.432225760217698,22.89698831031241
1141,2.5356188266028705,29.09201343769045,25.512946239471567
