minute,0
1139,-11.337847874514543
1140,-11.634170024202476
1141,-8.853528364877919
