,exec_time,exec_time
,mean,std
fqdn,,
dd-0-0.0.1,1.5238221067285382,0.30006420403255973
image_processing-0-0.0.1,1.5275117351874243,0.24602148569931542
pyaes-0-0.0.1,1.6763371901639343,0.3343738646458364
video_processing-0-0.0.1,7.583229352046783,0.644606741351068
