,image_processing-0-0.0.1,video_processing-0-0.0.1,pyaes-0-0.0.1,dd-0-0.0.1,cp
0,243.57295200000002,814.3530749999998,347.462587,147.63110399999997,0.0
1,188.0,403.0,184.0,151.0,0.0
2,181.0,445.0,178.0,125.0,0.0
3,191.0,417.0,237.0,138.0,0.0
