,image_processing-0-0.0.1,video_processing-0-0.0.1,pyaes-0-0.0.1,dd-0-0.0.1,cp
0,243.57295200000002,814.3530749999998,347.462587,147.63110399999997,0.0
1,130.220847,349.12002999999993,138.20481000000004,81.27481800000001,0.0
2,126.531458,390.92984899999993,128.17756199999997,69.383934,0.0
3,132.098678,364.42134,175.776997,76.884841,0.0
