minute,0
1323,-113.52191841411721
1324,-101.52391309377781
1325,-82.86200663769647
1326,100.0
