,exec_time,exec_time
,mean,std
fqdn,,
dd-0-0.0.1,0.5065910836236933,0.06613050372754406
image_processing-0-0.0.1,1.9850718594594594,0.232674806968989
pyaes-0-0.0.1,1.5133943459119497,0.15283267674304096
