minute,0
1322,-19.808892664002798
1323,-14.899275956075561
1324,-13.85368525615551
1325,100.0
