minutes,image_processing-0-0.0.1,video_processing-0-0.0.1,model_training-0-0.0.1,pyaes-0-0.0.1
1271,14.52312610029748,29.15809493591994,13.161044855308587,18.640278704267015
1272,11.668014555274786,22.228428882425185,22.984886905546546,15.509127790376132
1273,14.14846670767278,32.62679450594516,19.609500625583756,14.494873330734231
1274,14.405937015686682,29.32832013880591,16.677311723654217,14.590456477480094
1275,16.759832302180733,27.772128552188427,21.342497141245676,14.019929655766118
1276,11.337265835778933,31.442199897000616,18.19694345713874,16.508299364091105
1277,14.756556799861643,29.92737875159924,14.192113805609834,16.555121470614903
1278,14.301359579640167,31.510164068896582,14.455836674584834,20.194111259636266
1279,11.762894798163108,35.03591156856165,19.72491752444905,17.515262718848245
1280,15.277589813781335,27.793892243274517,23.16658447297781,18.891242310052725
1281,11.392766340095033,26.438586700958425,9.66087505099269,20.089128742505352
