minutes,image_processing-0-0.0.1,pyaes-0-0.0.1,video_processing-0-0.0.1
1264,12.791413772927736,15.02859914906956,30.410112137309778
1265,13.50134473284076,11.180122719223164,36.325004368318595
1266,14.310001823429719,16.256504291425568,29.34326335730243
1267,,,
