minute,0
1264,-11.616747908751357
1265,-14.641530350887704
1266,-14.48998786520048
1267,100.0
