,image_processing-0-0.0.1,video_processing-0-0.0.1,pyaes-0-0.0.1
0,54.955484999999996,31.044238,45.013785000000006
1,47.146664,36.514332,33.266888
2,43.031383000000005,40.89508199999999,31.977943
