minutes,pyaes_small-0-0.0.1
1051,2.9166666666666665
1052,2.7
1053,2.5833333333333335
