minutes,pyaes_small-0-0.0.1
1051,0.32880933333333334
1052,0.32432890000000003
1053,0.2848315166666667
