minutes,pyaes_small-0-0.0.1
1051,0.18485569338945235
1052,-0.04627398764675566
1053,-6.638596546956269
