minutes,pyaes_small-0-0.0.1
1051,-4.120725617164218
1052,-6.642956376445238
1053,-10.624586544747517
