minutes,pyaes_small-0-0.0.1
1051,-12.985041881027454
1052,-14.465583353030437
1053,-20.42486854397716
