,exec_time,exec_time
,mean,std
fqdn,,
image_processing-0-0.0.1,2.1664134154929577,0.11337337464230453
pyaes-0-0.0.1,2.6961820809859156,0.16843107187629086
video_processing-0-0.0.1,9.060850819148937,0.7372646615038521
