minutes,cp,image_processing-0-0.0.1,pyaes-0-0.0.1,video_processing-0-0.0.1
34,,,,
35,,,,
36,,14.564449285049339,22.116512861198604,37.4765534580179
37,,16.231836149237125,25.589059884467247,33.02778083757992
38,,16.214598299313952,21.856736283967088,43.51473129339732
39,,,,
