minutes,cp,image_processing-0-0.0.1,pyaes-0-0.0.1,video_processing-0-0.0.1
34,,,,
35,,,,
36,,6.7228393163062385,8.202900322336998,4.136096510806253
37,,7.492492445419815,9.490850067184658,3.6451081136641132
38,,7.484535584647121,8.106550532364162,4.80249947404879
39,,,,
