minutes,video_processing-0-0.0.1,model_training-0-0.0.1,pyaes-0-0.0.1
1288,13.877433766056988,11.310294719867262,13.581448431214994
1289,11.235957405799073,16.991160688837713,10.651595500175768
1290,15.972805113750375,16.863991510395735,11.608236773328803
1291,14.575789972459896,13.608284143604765,11.392057735297506
1292,13.597624586011731,17.173498293507,11.033313155476753
1293,16.153118638837594,14.86338456112328,13.559798454908025
1294,13.20232320103695,11.121552003442668,11.526286902444326
1295,14.925764106295757,12.043620621941951,14.17530773047874
1296,17.565467066289653,16.437759743074217,13.236657920473135
1297,13.73987531890011,18.434504787686055,13.71490990578518
1298,11.864897106862891,8.237556784737682,12.691311551917192
