,exec_time,exec_time
,mean,std
fqdn,,
dd-0-0.0.1,0.3622313414634147,0.058666584108561445
image_processing-0-0.0.1,1.4082994139784946,0.10570594257628657
pyaes-0-0.0.1,1.0567681698113207,0.08744674071881921
video_processing-0-0.0.1,1.4690995625,0.15212983767551047
