,dd-0-0.0.1,image_processing-0-0.0.1,pyaes-0-0.0.1,video_processing-0-0.0.1
0,5.760383275261322,14.826935483870955,9.536100628930816,7.88429687499999
