,dd-0-0.0.1,image_processing-0-0.0.1,pyaes-0-0.0.1,video_processing-0-0.0.1
0,7.234470545824343,22.28745758467648,15.689351943433206,17.189189927683984
