,dd-0-0.0.1,image_processing-0-0.0.1,pyaes-0-0.0.1,video_processing-0-0.0.1
0,1.4740872705630264,7.46052210080552,6.153251314502389,9.304893052683987
