minute,0
1166,-39.40513293141534
1167,-13.349018379024344
1168,-19.67260386954736
1169,100.0
