minutes,json_dumps_loads-0-0.0.1
1042,-6.306650052528944
1043,-5.3216408433536815
1044,-5.833476952616881
