minutes,image_processing-0-0.0.1,dd-0-0.0.1,pyaes-0-0.0.1
1139,1.4666666666666666,1.3833333333333333,1.5166666666666666
1140,1.45,1.45,1.05
1141,1.35,1.2833333333333334,1.0166666666666666
