,image_processing-0-0.0.1,dd-0-0.0.1,pyaes-0-0.0.1
0,52.085682,20.196015000000006,44.589651999999994
1,50.30484099999999,23.990206999999995,31.632728999999994
2,49.31056700000002,20.002361999999998,31.408074
