minutes,image_processing-0-0.0.1,dd-0-0.0.1,pyaes-0-0.0.1
1139,27.07532626419153,9.653777826135451,23.821773504986755
1140,29.17662155233043,9.20659845053383,23.11621420581878
1141,27.79480868485246,9.232882064053918,24.939528998119968
