,image_processing-0-0.0.1,dd-0-0.0.1,pyaes-0-0.0.1
0,69.00919599999999,25.662611000000002,57.067927000000005
1,57.09522600000001,28.703094000000004,37.683676
2,58.607572,23.208201000000003,36.887299000000006
