minutes,image_processing-0-0.0.1,dd-0-0.0.1,pyaes-0-0.0.1
1276,26.045106973666172,9.231445043235603,18.592049065202914
1277,22.70668607369536,8.342017303311648,17.194472785014945
1278,22.98017586903867,8.134124846495364,17.617037597263437
