minutes,image_processing-0-0.0.1,dd-0-0.0.1,pyaes-0-0.0.1
1276,30.933392407038433,11.764861517836946,24.48313646466674
1277,27.320048085398206,10.561778190209328,22.334917634001734
1278,28.579315446336995,9.228249397299091,23.308703142821088
