minute,tegra,igpm
1194,12.65235898595566,13.227115108427228
1195,12.772091048673577,12.603385825003262
1196,13.165811429674424,12.221417229066406
1197,13.295304607682125,11.998089426011044
