,exec_time,exec_time
,mean,std
fqdn,,
image_processing-0-0.0.1,0.3705462185430463,0.3755358983586503
pyaes-0-0.0.1,0.3807212937062937,0.34932474261446117
video_processing-0-0.0.1,2.66232491025641,0.07371878773322599
