,exec_time,exec_time
,mean,std
fqdn,,
dd-0-0.0.1,0.5958372164556962,0.08884690874068515
image_processing-0-0.0.1,1.3892445,0.27986834360399504
pyaes-0-0.0.1,1.355428050531915,0.10997325286991123
