,dd-0-0.0.1,image_processing-0-0.0.1,pyaes-0-0.0.1,video_processing-0-0.0.1
0,2.982994867302822,4.387085585042227,6.052249797698834,9.239132901973182
