,exec_time,exec_time
,mean,std
fqdn,,
dd-0-0.0.1,0.5738483704600484,0.07930469349940616
image_processing-0-0.0.1,1.3888492238095238,0.3546702146202815
pyaes-0-0.0.1,1.3419032047619046,0.0986502167049033
