minutes,dd-0-0.0.1,image_processing-0-0.0.1,pyaes-0-0.0.1
945,10.123244912671707,20.820271392684223,28.99305485288108
946,10.148888679239594,18.90420102939912,30.900016514176794
947,9.62178476665248,18.988565598026888,28.285409988751898
948,11.234433916028856,23.769743340128567,31.297874334174555
949,12.175388655623964,,32.76238243023555
