minutes,dd-0-0.0.1,image_processing-0-0.0.1,pyaes-0-0.0.1
945,3.5901308992410352,12.114261936110466,16.43130231573976
946,3.2298673210057847,11.269305436396733,17.906901130693175
947,3.5217091032381465,9.282171711725864,12.447279971987848
948,2.6533909425564848,20.891647318241034,17.381038349746127
949,3.550372215647101,,25.478099590880362
950,,,
