minutes,dd-0-0.0.1,image_processing-0-0.0.1,pyaes-0-0.0.1
945,3.590130899234103,12.114261936119174,16.431302315760078
946,3.2298673209845465,11.269305436364876,17.90690113064856
947,3.521709103241787,9.282171711721285,12.447279971991943
948,2.653390942556451,20.89164731823571,17.381038349743346
949,3.550372215641641,,25.478099590916774
950,,,
