minutes,image_processing-0-0.0.1,pyaes-0-0.0.1,dd-0-0.0.1
945,14.991023529232036,21.60592116480215,17.640975271143496
946,13.611413467580098,23.027008508903158,17.685662627399868
947,13.672157691777713,21.07857697066206,16.767120483306055
948,17.114703981278613,23.323496227678934,19.57735613507506
949,,24.414862647301458,21.217083261669067
