minutes,image_processing-0-0.0.1,pyaes-0-0.0.1,dd-0-0.0.1
945,3.6369269449012087,3.18064451638766,3.340555148912658
946,3.5827318294197164,4.3470710255914105,3.0059629379746435
947,3.280545813069324,3.5098944867028603,3.040358376447094
948,5.583733225284991,4.563924526499399,2.850496396484972
949,,5.365066955160488,1.9342656907121374
