minutes,pyaes_small-0-0.0.1
1051,5.791653188365011
1052,10.13929951055921
1053,11.2335063700401
