minute,0
1153,4.882477793188559
1154,-4.106500884372417
1155,-6.3545510041163
1156,100.0
