,exec_time,exec_time
,mean,std
fqdn,,
dd-0-0.0.1,1.144699918114144,0.04776274391296162
image_processing-0-0.0.1,2.110995641395909,0.08517084967797843
pyaes-0-0.0.1,2.5625792265717675,0.08852086250697237
