,image_processing-0-0.0.1,video_processing-0-0.0.1,dd-0-0.0.1,pyaes-0-0.0.1
0,78.54862,44.425520000000006,28.991900000000008,65.80785099999999
1,70.457539,53.44515599999999,36.35274899999999,45.55665799999999
2,71.112692,60.58803300000001,30.191276000000002,45.449611000000004
