,exec_time,exec_time
,mean,std
fqdn,,
dd-0-0.0.1,0.4130162508710801,0.08412821982894443
image_processing-0-0.0.1,1.658574817204301,0.271420137861918
pyaes-0-0.0.1,1.2520697358490567,0.1926091261575049
