minutes,dd-0-0.0.1,image_processing-0-0.0.1,pyaes-0-0.0.1
1276,2.660048945497385,24.223042170793367,13.302023978263609
1277,2.2969258075436367,24.297250131609502,18.45315342685496
1278,2.4581895718659625,24.07221536293485,18.906651095013025
