minutes,dd-0-0.0.1,image_processing-0-0.0.1,pyaes-0-0.0.1
1276,2.3821855447695652,7.613324940197581,9.382778469941428
1277,2.1143473947295512,12.68682563224376,10.678840548609347
1278,2.369243724164672,11.588389656360588,8.787080567016966
1279,,,
