minutes,image_processing-0-0.0.1,dd-0-0.0.1,pyaes-0-0.0.1
1276,4.590281283198683,5.76777678782704,7.493814602569843
1277,7.649233245702304,5.119283781861476,8.52895029953566
1278,6.986956232637135,5.736441893431001,7.0180440557156745
1279,,,
