minutes,image_processing-0-0.0.1,dd-0-0.0.1,pyaes-0-0.0.1
1276,4.979523484983292,2.6587301875131955,3.50803245804811
1277,4.90470461664569,2.2579258095274484,5.5290113253186846
1278,4.923601389992721,2.7156671035612496,5.301706459974411
