minutes,image_processing-0-0.0.1,dd-0-0.0.1,pyaes-0-0.0.1
1276,14.604732882429628,6.440543053420188,10.624028037258809
1277,14.649474886255069,5.561344868874432,14.738119530012808
1278,14.513795285708635,5.951798668167339,15.100317940511516
