minute,0
1276,-26.638979786649873
1277,-18.697254795745184
1278,-15.209159920405856
1279,100.0
