minute,0
1240,-0.09397230792114795
1241,-9.006806254791917
1242,-13.024778818668715
