minute,0
1194,-13.51650348244446
1195,-7.099070757191125
1196,-10.223771268178329
1197,100.0
