minute,0
1175,-0.3737756337318739
1176,6.02141359835603
1177,6.783555981600041
1178,3.344324138491496
1179,2.0832591561932583
1180,11.708785433401872
1181,0.09310816623397168
1182,4.614039415729322
1183,5.638322810469385
1184,3.254956681592025
1185,-10.834792779920797
1186,-2.1584959601589757
