,video_processing-0-0.0.1,dd-0-0.0.1,pyaes-0-0.0.1
0,30.646018,21.306851000000005,45.011097
1,37.113855,24.686923000000004,32.404418
2,42.045787000000004,20.271869999999996,31.63659100000001
