minutes,video_processing-0-0.0.1,dd-0-0.0.1,pyaes-0-0.0.1
1175,7.025549946602633,4.658580758296102,7.758867019639357
1176,7.393590068112085,4.560152196432335,8.076553007651777
1177,7.495356725077774,4.679431617542875,8.407259558399025
