minute,0
1285,-4.09762882680168
1286,-4.503402993802577
1287,-2.5255850863367244
1288,100.00000000000001
