,exec_time,exec_time
,mean,std
fqdn,,
dd-0-0.0.1,1.2152472653721684,0.07806938402560337
image_processing-0-0.0.1,2.234900643109541,0.12047032210520167
pyaes-0-0.0.1,2.790183590106007,0.17051913344690678
video_processing-0-0.0.1,6.756423570422535,0.22923348400206087
