,dd-0-0.0.1,image_processing-0-0.0.1,pyaes-0-0.0.1,video_processing-0-0.0.1
0,9.668252427184472,15.466254416961121,21.613674911660784,25.881232394366197
