,dd-0-0.0.1,image_processing-0-0.0.1,pyaes-0-0.0.1,video_processing-0-0.0.1
0,0.3252750809061555,-1.2118374558304041,-2.3133215547703116,3.682147887323955
