,dd-0-0.0.1,image_processing-0-0.0.1,pyaes-0-0.0.1,video_processing-0-0.0.1
0,9.993527508090615,14.254416961130742,19.300353356890458,29.56338028169014
