,dd-0-0.0.1,image_processing-0-0.0.1,video_processing-0-0.0.1,pyaes-0-0.0.1
0,0.012167417475728156,13.090386954063604,24.67119235915493,15.950226402826853
