,dd-0-0.0.1,image_processing-0-0.0.1,video_processing-0-0.0.1,pyaes-0-0.0.1
0,3.7597320000000005,3704.579508,7006.61863,4513.914072
