,image_processing-0-0.0.1,video_processing-0-0.0.1,pyaes-0-0.0.1
0,51.759806999999995,29.237462,44.540847
1,45.911141,34.67554500000001,30.501244
2,43.72686,41.570164999999996,31.136268
