minutes,dd-0-0.0.1,image_processing-0-0.0.1,pyaes-0-0.0.1,video_processing-0-0.0.1
1258,54.60227889880617,111.17309016444159,523.5279108870701,175.26441623641765
1259,64.14351767132199,122.04725179202565,778.9529636501248,162.60524501718234
1260,54.96563933621537,115.14765551465891,749.5430360653845,145.9193406339054
