,dd-0-0.0.1,image_processing-0-0.0.1,pyaes-0-0.0.1,video_processing-0-0.0.1
0,2.413588850174212,10.370376344086019,1.4528301886792452,9.436874999999993
