,dd-0-0.0.1,image_processing-0-0.0.1,pyaes-0-0.0.1,video_processing-0-0.0.1
0,3.22817850107479,10.671343272644936,2.2044809286791014,9.817353094423183
