,dd-0-0.0.1,image_processing-0-0.0.1,pyaes-0-0.0.1,video_processing-0-0.0.1
0,0.8145896509005681,0.3009669285589132,0.7516507399998447,0.38047809442316805
