minute,0
1258,-12.283317736859063
1259,-16.488641581804952
1260,-13.915316039926369
1261,99.99999999999999
