,exec_time,exec_time
,mean,std
fqdn,,
1_pyaes_2000-0-0.0.1,1.4917580666666668,0.25502868102862725
3_pyaes_1000-0-0.0.1,0.7526190372208437,0.12212934919820964
4_pyaes_500-0-0.0.1,0.38164064125,0.07901414893907135
5_pyaes_250-0-0.0.1,0.1929073267857143,0.047233986000013106
