minutes,image_processing-0-0.0.1,model_training-0-0.0.1,pyaes-0-0.0.1
1306,29.913834836874905,32.12477985200241,39.67232264431236
1307,17.370443702388464,46.05768827264361,26.05240192935061
1308,24.591834361273868,46.21509550756635,25.186442304881243
1309,27.646105477644678,41.38365597163853,29.87438325828117
1310,26.591390397611054,42.092905346141066,22.086632624340446
1311,21.839848581147546,43.08981529828527,36.245784012172244
1312,30.439767517180414,31.796183506273042,35.73535868406123
1313,27.62410642152626,34.74469002244856,40.130196294366236
1314,22.117019420652547,46.97013183930004,35.95948759600771
1315,24.864183465942684,44.13757387297351,32.53518684460493
1316,25.81820407221667,20.51875527619304,41.077838760744264
