minutes,json_dumps_loads-0-0.0.1,pyaes_small-0-0.0.1
1032,24.846623621988762,94.09749079982022
1033,0.11391877664498826,94.35207713137982
1034,34.05043667859248,94.53482579351467
