minutes,json_dumps_loads-0-0.0.1,pyaes_small-0-0.0.1
1032,187.45160781030353,92.31229012324968
1033,288.77652076635576,95.96907621334016
1034,327.9107415137523,95.83770885756624
