minutes,json_dumps_loads-0-0.0.1,pyaes_small-0-0.0.1
1032,138.08545142278857,87.3677441980824
1033,144.8780107810067,89.36452170967874
1034,0.1410363894649207,86.83007350418981
1035,1000.0,1000.0
