,exec_time,exec_time
,mean,std
fqdn,,
json_dumps_loads-0-0.0.1,0.27108533797216705,0.2642852515764264
pyaes_small-0-0.0.1,0.1332224985294118,0.01013993628459607
