minutes,json_dumps_loads-0-0.0.1,pyaes_small-0-0.0.1
1032,0.30926185733728034,0.2693956608420026
1033,0.2479956250953489,0.2577761189309548
1034,0.16336592734069624,0.24943531082136075
