minutes,json_dumps_loads-0-0.0.1,pyaes_small-0-0.0.1
1032,0.23938711144547692,0.39468740179220807
1033,0.2462168070626117,0.3322992630173874
1034,0.10040491221874341,0.41148660634600365
1035,,
