minutes,json_dumps_loads-0-0.0.1,pyaes_small-0-0.0.1
1032,-0.12869965694330546,0.1106758016714322
1033,-0.27781620109582794,0.05803102987981187
1034,-0.33540874754572997,0.05992225465894987
