,pyaes_small-0-0.0.1,json_dumps_loads-0-0.0.1
0,3.124441176470588,0.10054671968190819
