,pyaes_small-0-0.0.1,json_dumps_loads-0-0.0.1
0,1.4396459211623645,0.14716671330100128
