,pyaes_small-0-0.0.1,json_dumps_loads-0-0.0.1
0,4.564087097632952,0.24771343298290946
