minutes,json_dumps_loads-0-0.0.1,pyaes_small-0-0.0.1
1032,-0.4747569820855429,0.8307590901922478
1033,-1.024829314539881,0.4355948170946535
1034,-1.2372810350228796,0.44979080350846834
