minutes,json_dumps_loads-0-0.0.1,pyaes_small-0-0.0.1
1032,0.8830691959815817,2.962618222514962
1033,0.9082630912627644,2.494317901897216
1034,0.37038119792761426,3.0887170777326247
1035,,
