minutes,json_dumps_loads-0-0.0.1,pyaes_small-0-0.0.1
1032,1.1408284182785016,2.022148389466871
1033,0.9148249291181184,1.9349293233233054
1034,0.602636529746472,1.8723212188239544
