minutes,image_processing-0-0.0.1,model_training-0-0.0.1,pyaes-0-0.0.1
1114,11.485953312156688,35.043002672405876,2.250686464525415
1115,11.565898145174357,35.52697572926304,2.1824073549123773
1116,10.755772333027226,37.48687601843835,2.071540164177406
1117,10.737177541596205,37.18269779248042,2.148081026649723
1118,11.638938670078215,38.32301744897136,2.1071866445108927
1119,11.762867789845098,35.092934760533886,2.0404827448542355
1120,11.469861020253203,36.91913282113391,2.0037558015224946
1121,11.033069836829128,35.80106079882694,1.9749328676527604
1122,11.576782455057636,35.954960902938595,1.9726033949308712
1123,11.278057434260488,37.73650577110808,2.012774575483059
1124,10.918801146559955,35.01052995134177,1.974969512525717
1125,12.121292393611165,36.10102131559785,1.8862627308514304
1126,11.780699375135194,35.13582177056581,1.9124830530686252
1127,11.41999390403551,35.30036990037129,1.8580750764950051
1128,11.463343485595827,34.67015840565925,1.8729088421917277
1129,11.461437625012023,39.33273783254448,1.8972114544417487
1130,11.711521555863731,33.28799545763325,1.9657355305646858
1131,11.674032357227421,37.47364729852958,1.9937026211021558
1132,8.737135096416642,37.15746461349082,2.0352799725361983
