minutes,image_processing-0-0.0.1,model_training-0-0.0.1,pyaes-0-0.0.1
1114,4.829851109084478,15.210348885408594,0.9401614825437181
1115,4.889934107953912,15.425578404502819,0.9323743234056646
1116,4.498524830745775,16.321241624392382,0.9137967417667948
1117,4.492652618783152,16.242803343654266,0.9505870526758767
1118,4.8491398806468355,16.768624547315085,0.938885269662895
1119,4.954122323745223,15.393461287234178,0.8941257149186322
1120,4.818994605183447,16.185882884224288,0.8742271481416227
1121,4.633142968061229,15.687993594865723,0.8578390224638174
1122,4.902192497810327,15.706658035738679,0.8626760942477367
1123,4.765805027777621,16.449539761992053,0.9038769212726417
1124,4.595634710953021,15.361072863236219,0.8789100084033254
1125,5.09865544349349,15.796712422892135,0.8340890719363666
1126,4.918531323916365,15.312050396674977,0.8446787377539288
1127,4.766163706289992,15.375338259177715,0.8206488400904441
1128,4.783448473569927,15.155059779338533,0.8336204261594221
1129,4.792033858739088,17.197616929385248,0.8529273064356383
1130,4.957516282478563,14.58655595282095,0.8714534084553582
1131,4.925591357603067,16.37372000384637,0.8927966813178032
1132,3.948558283146123,15.858233953042841,0.8939610452610416
