,image_processing-0-0.0.1,video_processing-0-0.0.1,pyaes-0-0.0.1
0,52.436469999999986,154.47200200000003,56.81409100000001
1,47.811364000000005,190.85912699999997,40.252123000000005
2,54.01326599999999,232.21358700000002,47.69604100000001
3,28.175487999999998,237.97404199999997,35.686261
4,0.0,205.345637,27.129743999999995
