minute,0
1193,15.463090912730905
1194,-1.486507828935838
1195,1.9962123282055089
1196,6.8280793432623925
1197,0.8257915131851784
1198,5.279879440957793
1199,6.206047772135072
1200,0.11220856883803951
1201,6.548260908727335
1202,-19.225484089208088
1203,-8.733130208969612
1204,1.1464509004457313
