,exec_time,exec_time
,mean,std
fqdn,,
dd-0-0.0.1,1.1969855577639752,0.06200178521401287
image_processing-0-0.0.1,2.1752269434416367,0.10148919565500157
pyaes-0-0.0.1,2.672148645314353,0.11327001703858075
video_processing-0-0.0.1,8.07028235908142,0.22115134897784383
