,exec_time,exec_time
,mean,std
fqdn,,
dd-0-0.0.1,0.3640815818815331,0.04146093731798769
pyaes-0-0.0.1,1.0637109119496855,0.09712131845401069
video_processing-0-0.0.1,1.4389284375,0.15006261574300864
