minute,0
1175,-9.316754348044627
1176,-15.140907970711742
1177,-17.758099085468505
1178,100.0
