,exec_time,exec_time
,mean,std
fqdn,,
dd-0-0.0.1,1.1444017667493798,0.048378558189060984
image_processing-0-0.0.1,2.1093289013237064,0.08338531922854109
pyaes-0-0.0.1,2.5705406678529066,0.07911019300476128
