minutes,image_processing-0-0.0.1,pyaes-0-0.0.1,dd-0-0.0.1
1230,1.4833333333333334,1.5333333333333334,1.3666666666666667
1231,1.4333333333333333,1.0,1.4333333333333333
1232,1.4,1.0833333333333333,1.2833333333333334
