,image_processing-0-0.0.1,pyaes-0-0.0.1,dd-0-0.0.1
0,52.76202099999999,47.20561500000001,20.009442000000004
1,49.09914299999999,31.247119000000005,23.821002000000004
2,50.577079999999995,31.907850000000003,18.877562
