minutes,image_processing-0-0.0.1,pyaes-0-0.0.1,dd-0-0.0.1
1230,32.66214814840066,30.216755303910276,12.412580669390017
1231,32.84259714004197,26.258143361207157,12.061425934868732
1232,32.08455015457847,28.591370912567726,12.302501107274125
