minutes,image_processing-0-0.0.1,pyaes-0-0.0.1,dd-0-0.0.1
1230,9.791283462858102,11.418980007704894,5.256958516079852
1231,9.38739259677717,9.518386138399046,5.294988507010822
1232,8.330199515671922,10.131705813467548,5.742679813168981
