,exec_time,exec_time
,mean,std
fqdn,,
dd-0-0.0.1,1.205946997515528,0.06791859489896523
pyaes-0-0.0.1,2.679226419239905,0.12144955516807952
video_processing-0-0.0.1,8.182624043890867,0.253257011199847
