,cnn_image_classification-0-0.0.1,dd-0-0.0.1,image_processing-0-0.0.1,pyaes-0-0.0.1
0,25.267651632970445,11.080419313850056,14.535240240240231,15.48326465927099
