,cnn_image_classification-0-0.0.1,dd-0-0.0.1,image_processing-0-0.0.1,pyaes-0-0.0.1
0,11.735382448357074,4.95952653131863,4.815884802838949,5.788064021897293
