,cnn_image_classification-0-0.0.1,dd-0-0.0.1,image_processing-0-0.0.1,pyaes-0-0.0.1
0,37.00303408132751,16.039945845168695,19.351125043079197,21.271328681168296
