,mc_c_0_0,mc_c_0_4,mc_c_0_6,mc_c_0_8
0,16183.829999999994,10165.359999999986,7847.109999999993,4449.619999999995
