,mc_c_0_0,mc_c_0_4,mc_c_0_6,mc_c_0_8
0,36.62289143498971,47.8975716440418,52.344606622486225,55.90751413148309
