,mc_c_0_0,mc_c_0_4,mc_c_0_6,mc_c_0_8
0,23548.519192698383,14704.554494720833,11411.124243701997,6429.364125120555
