,mc_c_0_0,mc_c_0_4,mc_c_0_6,mc_c_0_8
0,25.169253499222386,33.111921824104186,35.99591743119263,38.692347826086916
