,mc_c_0_0,mc_c_0_4,mc_c_0_6,mc_c_0_8
0,11.453637935767311,14.785649819937564,16.348689191293563,17.215166305396174
