,mc_c_0_0,mc_c_0_4,mc_c_0_6,mc_c_0_8
0,7364.689192698381,4539.194494720832,3564.0142437019967,1979.74412512056
