,cnn_image_classification-0-0.0.1,pyaes-0-0.0.1,dd-0-0.0.1,image_processing-0-0.0.1
0,19.772168978461544,10.810298066978193,0.008787863979848867,8.577874335820896
