minute,0
1035,14.993019735188188
1036,9.098134773130333
1037,15.626977130234499
1038,5.167630762971664
1039,-4.171011406627752
1040,0.33127115412081415
1041,-4.088439819035207
1042,0.8795758758385475
1043,-9.82907928717573
1044,-6.683034232782052
1045,-5.0810554065652
1046,11.847072088644119
