,dd-0-0.0.1,image_processing-0-0.0.1,model_training-0-0.0.1,pyaes-0-0.0.1
0,0.4386572605240446,11.826516406319445,29.79690476422215,2.4931689705073636
