,image_processing-0-0.0.1,video_processing-0-0.0.1,pyaes-0-0.0.1
0,84.83919200000001,236.69401900000003,47.81958200000001
1,100.07098700000002,262.778221,41.342847
2,83.460506,284.58461299999993,36.028397999999996
