,image_processing-0-0.0.1,video_processing-0-0.0.1,pyaes-0-0.0.1
0,62.972401999999995,341.75963999999993,60.59585800000001
1,61.95434,368.275987,66.77449200000001
2,46.11049400000002,309.007052,49.936941000000004
