,exec_time,exec_time
,mean,std
fqdn,,
image_processing-0-0.0.1,1.997028675824176,0.21999334613428298
pyaes-0-0.0.1,1.5175623924050632,0.1412772785021217
video_processing-0-0.0.1,2.06461974015748,0.27310341335484406
