minute,0
1341,-27.24777765140437
1342,-29.244918374533917
1343,-26.369282801170222
