,cnn_image_classification-0-0.0.1,pyaes-0-0.0.1,dd-0-0.0.1,image_processing-0-0.0.1
0,12851.909836000003,6940.211359,6.977564,5747.175805
