minutes,image_processing-0-0.0.1,pyaes-0-0.0.1,video_processing-0-0.0.1
1263,3.595566572203095,5.486345419198002,3.224586581108553
1264,5.060107179325009,4.30046201263054,4.186510731477775
1265,5.624469607680036,7.6277751054716685,3.789207495918476
1266,,,
