minute,0
1263,-19.805941244245602
1264,-9.79076606690106
1265,-23.737541524317585
1266,100.0
