,exec_time,exec_time
,mean,std
fqdn,,
2_pyaes_1500-0-0.0.1,1.1293041535714288,0.181522850302165
3_pyaes_1000-0-0.0.1,0.743227300248139,0.1087513383903765
4_pyaes_500-0-0.0.1,0.37754357874999994,0.07486964783324844
5_pyaes_250-0-0.0.1,0.1966650845238095,0.05111310952277851
